:020000040008F2
:0400000000484E1C4A
:20000400FE04E2030144E2030042E2AF0044E2AF0142E27C00417700770077007700E27A09
:200014000000770077007700E710004077007700E2700000FE840006FE02E2030042E277E8
:20002400000077007700FE820006FE02E2030042E27100007700E27800007700FE82000600
:20003400FE02E2030042E27100007700E27900007700FE820006FE02A842761F21B98A225E
:200044009B0092FC520060029B018A4297CC020807228AA99B0092C4520060029B018A4281
:2000540097D4FE8200060206761F21B907228AA90ACC8A2292FC522769022BFC020607227C
:200064008AA90AD4020807228AA91BC44E1F6905020807228AA92BC40006FE06E2030144C2
:20007400E2030042A846E71000407700E71000407700E20300C48A46E801F898E80E69D0DA
:20008400E2AF01C4E70000087700E20300D48A4606421EE48A46834606D41EF5FE860006BD
:20009400FE10E203034AE2030248E2030146E2030044964FA04EA84C5201BE006002BE018F
:2000A4000219074E8AA97EC4924FBE0052016002BE01021A074E8AA97EC40219074E8AA9BB
:2000B40092C461088A4E06441EC48A4E06461ED46F078A4E06461EC48A4E06441ED48A4EEB
:2000C400E2AF0048BE00E2AF01C4E6940001AD146502BE01021B074E8AA97EC4021B074E74
:2000D4008AA992C461058A4E06481EE46F36020E074E8AA9E2AF0048E6AF0000E20300C4A1
:2000E400834E020E074E8AA9E2AF01C5BE00E2AF00C4E6940001AD146302BE01021D074E55
:2000F4008AA97EC4021D074E8AA992C4610A020E074E8AA9C4C40210074E8AA9C2C46F0759
:20010400834EC4C50210074E8AA9C2C40210074E8AA9834E06C41EE58A4E834EE2AF00E40B
:20011400E2AF01E5E70000087700E20300F4834E0208E2AF014A074EE2AF00F5E720000874
:200124008AA9E20300C4C44E834E020A074EE2AF01D6E2AF00D5E70000088AA9E20300C402
:20013400020A074E8AA90208074EE2AF00C48AA9BE00E2AF01C4E6940001AD146402BE01BB
:20014400021C074E8AA97EC4021C074E8AA988C40218074E8AA97EC40218074E8AA992C4E5
:200154006108834EC4D5020C074E8AA9C2C46F470208074E8AA9E2AF00C4E5A0AD14650A4A
:200164000208074E8AA9C4C40212074E8AA9C2C46F070212074E8AA9E590E20300C40212FB
:20017400074E8AA9E2AF00C4764800200214074E8AA9E20300C48A4EE2AF00D4E5A0AD14E6
:20018400640A0214074E8AA9C4C4020C074E8AA9C2C46F150214074E8AA90216E2AF00C41C
:20019400074E8AA9E6AF0000E20300C40216074E8AA9C4C4020C074E8AA9C2C4021A074ED0
:2001A4008AA992C4610C8A4E834C06E41EC5020C074E8AA9834C06C41ED56F0B020C074ED2
:2001B4008AA9834C06C41EC58A4E834C06E41ED5FE900006FE0EE203034AE2030248E20312
:2001C4000146E2030044A04EA84CE2AF0052E2AF0148BE00E6940001AD146502BE010209E1
:2001D400074E8AA97EC40209074E8AA988C40208074E8AA97EC40208074E8AA992C4614500
:2001E400E2AF0044E2AF014AE70000088A4EE20300C4E2AF014AE2AF0046E70000088A4E60
:2001F400E20300D4E2AF0048764800208A4EE20300E48A4EE2AF00E4E5A0AD146105834E10
:2002040006E41EF56F05E801FC00E20300F48A4E834EE2AF00F4E2AF01C5E2740008770051
:20021400770077008A4CE20300C4834E8A4EE2AF01D5E2AF00F4E274000877007700770005
:200224008A4CE20300D46F078A4C06441EC48A4C06461ED4FE8E0006FE0AE2030348E203F0
:200234000246E2030144E2030042A84AE2AF0044E2AF0148E70000087700E20300C4E2AFD0
:200244000146E2AF0042E70000088A4AE20300D4834A8A4AE2AF01D5E2AF00C4E710004070
:200254007700E20300E4E2AF0148E2AF0042E70000088A4AE20300F40208E2AF0146E2AF8E
:200264000044074AE70000088AA9E20300C40208834A074A8AA9020AE2AF01F5074AE2AF4A
:2002740000C4E72000088AA9E20300C4020A074A8AA9C4C4020C074A8AA9C2C4834A020EAE
:20028400074A8AA9C4E5C2C4020C074A8AA9C4C40210074A8AA9C2C4020E074A8AA9C4C455
:200294000212074A8AA9C2C4FE8A0006FE0AE2030348E2030246E2030144E2030042A84AF6
:2002A400E2AF0148E70000087700E20300C4E2AF0146E2AF0044E70000088A4AE20300D428
:2002B400834A8A4AE2AF01D5E2AF00C4E71000407700E20300E4E2AF0148E2AF0044E700C0
:2002C40000088A4AE20300F40208E2AF0146E2AF0042074AE70000088AA9E20300C402088A
:2002D400834A074A8AA9020AE2AF01F5074AE2AF00C4E72000088AA9E20300C4834A020CBA
:2002E400074A8AA9C4E5C2C4020A074A8AA9C4C4020E074A8AA9C2C4020C074A8AA9C4C4FB
:2002F4000210074A8AA9C2C4020E074A8AA9C4C40212074A8AA9C2C4FE8A0006FE06E2031D
:200304000042A046A84476484B9FE68C00008A46E21300D48A46E2C800D47700E20300C4A4
:200314008A46E2AF0142E2AF00C4E72000088A44E20300C4FE860006FE06E2030042A046AF
:20032400A844E68C00008A46E21300D48A46E2C800D47700E20300C48A46E2AF0142E2AF1F
:2003340000C4E72000088A44E20300C4FE860006FE0897469645A044A8429B0052006106F5
:200344008A4492C4520161029B0197479247611292459B0052006104924661029B018A422D
:2003540097CC8A4292CC610428C4FFFF6F0356BF01C48A44924596C4FE880006FE08E203EB
:200364000144E2030042A048A846E6AF0000E20300C48A4806441EC4FE880006FE0CE20380
:20037400034AE2030248E2030146E2030044A84CE2AF014AE70000087700E20300C4E2AF28
:200384000148E2AF0046E70000088A4CE20300D4834C8A4CE2AF01D5E2AF00C4E710004023
:200394007700E20300E4E2AF014AE2AF0046E70000088A4CE20300F40208E2AF0148E2AF43
:2003A4000044074CE70000088AA9E20300C40208834C074C8AA9020AE2AF01F5074CE2AF01
:2003B40000C4E72000088AA9E20300C4834C020A074C8AA9E2AF00E5E2AF01C4764800048B
:2003C400020E074C8AA9E20300C4020E074C8AA9C4C40210074C8AA9C2C40210074C8AA906
:2003D400C4C40212074C8AA9C2C40212074C8AA9E2AF00C4E5A0AD14650A0212074C8AA923
:2003E400C4C4020C074C8AA9C2C46F190212074C8AA9E8020648E8087ED8021AE2AF01C445
:2003F400074CE71000408AA9E20300C4021A074C8AA9C4C4020C074C8AA9C2C4FE8C0006AF
:20040400FE02A842020807428AA9E590E20300C4020A07428AA9E20300C4020E07428AA98D
:20041400E20300C4021007428AA9E20300C4022C07428AA92BC4FE820006B2BDFE0EA04668
:20042400A8448A56E801DD18E80EB850E20300E48A56E801FBF0E80DC290E20300F48A44A5
:2004340006C41E4CE801DD18E2AF014CE80EB850E70000407700E2030048C448020807567C
:200444008AA9C2C48A5806C41E4AC44A021007568AA9C2C4E801FBF0E80DC290E2AF014A9E
:20045400E70000407700E203004AC44A021807568AA9C2C4E2AF0048E2AF014AE710004091
:200464007700E2030048C448022007568AA9C2C40228E2AF014CE2AF00480756E720000843
:200474008AA9E20300C48A4406D41E4CE801DD18E80EB850E2AF014CE70000407700E2033D
:200484000048C448020A07568AA9C2C48A5806D41E4AC44A021207568AA9C2C4E801FBF0B2
:20049400E80DC290E2AF014AE70000407700E203004AC44A021A07568AA9C2C4E2AF00483F
:2004A400E2AF014AE71000407700E2030048C448022207568AA9C2C4022AE2AF014CE2AFA0
:2004B40000480756E72000088AA9E20300C48A4406E41E4CE801DD18E80EB850E2AF014CBC
:2004C400E70000407700E2030048C448020C07568AA9C2C48A5806E41E4AC44A0214075668
:2004D4008AA9C2C4E801FBF0E80DC290E2AF014AE70000407700E203004AC44A021C075602
:2004E4008AA9C2C4E2AF0048E2AF014AE71000407700E2030048C448022407568AA9C2C467
:2004F400022CE2AF014C0756E2AF0048E72000088AA9E20300C48A4406F41E4CE801DD18AB
:20050400E80EB850E2AF014CE70000407700E2030048C448020E07568AA9C2C48A5806F422
:200514001E4AC44A021607568AA9C2C4E801FBF0E80DC290E2AF014AE70000407700E203A9
:20052400004AC44A021E07568AA9C2C4E2AF0048E2AF014AE71000407700E2030048C4488D
:20053400022607568AA9C2C4022EE2AF014C0756E2AF0048E72000088AA9E20300C4835463
:20054400029C07568AA988C57EC4029C07568AA9BE009A0093C4530061029A0152006002F8
:20055400BE01029D07568AA97EC4022E07568AA9E801F870E80C2F300230E2AF01C407560E
:20056400E70000408AA9E20300C4023007568AA9022A0756E2AF00C48AA90232E2AF01C417
:200574000756E72000088AA9E20300C4029D835ABE0007568AA99A0093C5530160029A0112
:2005840054C461068A5A92C452036102BE017E4E924E6006029D07568AA992C4610702081E
:2005940007588AA9E590E20300C4029D07568AA992C4964D8A5A96C4020807588AA9C4C4CD
:2005A400023407568AA9C2C4023207568AA90234E2AF00C407568AA90236E2AF01C4075621
:2005B400E71000408AA9E20300C40236E801BE8807568AA9E80DB69802380756E2AF01C4ED
:2005C400E70000408AA9E20300C4029D835ABE0007568AA99A0093CD530160029A0154C4E7
:2005D40061068A5A92CC52036102BE017E4E924E6006029D07568AA992C46107020A07587D
:2005E4008AA9E590E20300C48A5A924D96CC020A07588AA9C4C4023A07568AA9C2C4023ACD
:2005F40007568AA9E801FBF8E80FFAC0023CE2AF01C40756E70000408AA9E20300C402389C
:2006040007568AA9023C0756E2AF00C48AA9023EE2AF01C40756E71000408AA9E20300C41D
:20061400022E07568AA9E801CD10E80946C00240E2AF01C40756E70000408AA9E20300C451
:20062400024007568AA9023E0756E2AF00C48AA90242E2AF01C40756E72000088AA9E203A1
:2006340000C4024407568AA9E801FBF8E80DF3B8E20300C4024607568AA9E801D418E8084A
:2006440094B8E20300C4024807568AA9E801FBF8E80DF3B8E20300C4024207568AA9E801E5
:20065400D418E80894B8024AE2AF01C40756E70000408AA9E20300C4020C07588AA9C4C434
:20066400024C07568AA9C2C4024C07568AA9E801FBF8E80DF3B8024EE2AF01C40756E700CE
:2006740000088AA9E20300C4024A07568AA9024E0756E2AF00C48AA90250E2AF01C407566C
:20068400E71000408AA9E20300C4029D07568AA992C46108025207568AA9E590E20300C453
:200694006F1A025007568AA90242E2AF00C407568AA9028AE2AF01C40756E72000088AA931
:2006A400E20300C4028A07568AA9C4C4025207568AA9C2C4022C07568AA9E801F870E80C7C
:2006B4002F300254E2AF01C40756E70000408AA9E20300C4025407568AA902280756E2AFBD
:2006C40000C48AA90256E2AF01C40756E72000088AA9E20300C4029D835ABE0007568AA95F
:2006D4009A0093D5530160029A0154C461068A5A92D452036102BE017E4E924E6006029DC2
:2006E40007568AA992C46107020E07588AA9E590E20300C48A5A924D96D4020E07588AA919
:2006F400C4C4025807568AA9C2C4025607568AA90258E2AF00C407568AA9025AE2AF01C415
:200704000756E71000408AA9E20300C4025A07568AA9E801BE88E80DB698025CE2AF01C453
:200714000756E70000408AA9E20300C4029D835ABE0007568AA99A0093DD530160029A0140
:2007240054C461068A5A92DC52036102BE017E4E924E6006029D07568AA992C4610702105C
:2007340007588AA9E590E20300C48A5A924D96DC021007588AA9C4C4025E07568AA9C2C41E
:20074400025E07568AA9E801FBF8E80FFAC00260E2AF01C40756E70000408AA9E20300C400
:20075400025C07568AA902600756E2AF00C48AA90262E2AF01C40756E71000408AA9E203EA
:2007640000C4022C07568AA9E801CD10E80946C00264E2AF01C40756E70000408AA9E203DE
:2007740000C4026407568AA902620756E2AF00C48AA90266E2AF01C40756E72000088AA905
:20078400E20300C4026807568AA9E801FBF8E80DF3B8E20300C4026A07568AA9E801D418BC
:20079400E80894B8E20300C4026C07568AA9E801FBF8E80DF3B8E20300C4026607568AA945
:2007A400E801D418E80894B8026EE2AF01C40756E70000408AA9E20300C4021207588AA958
:2007B400C4C4027007568AA9C2C4027007568AA9E801FBF8E80DF3B80272E2AF01C4075670
:2007C400E70000088AA9E20300C4026E07568AA902720756E2AF00C48AA90274E2AF01C425
:2007D4000756E71000408AA9E20300C4029D07568AA992C4610B027607568AA9E801AC30D7
:2007E400E809BDE8E20300C46F1A027407568AA90266E2AF00C407568AA9028CE2AF01C4F6
:2007F4000756E72000088AA9E20300C4028C07568AA9C4C4027607568AA9C2C402520756B8
:200804008AA90276E2AF00C407568AA9E2AF01C476480004028E07568AA9E20300C4028ED3
:2008140007568AA9E801F110E80FCC180294E2AF01C40756E70000088AA9E20300C40294C5
:2008240007568AA9E2AF00C4E5A0AD14640A029407568AA9C4C4029607568AA9C2C46F153B
:20083400029407568AA90298E2AF00C40756E88FE0008AA9E20300C4029807568AA9C4C44D
:20084400029607568AA9C2C4029607568AA9C4C4029007568AA9C2C4029007568AA9C4C4E4
:20085400029207568AA9C2C4029207568AA9E2AF00C4E853E0007700E68A00008A56E2039A
:2008640000C4022C07588AA92901560301C407588AA98356D116069C1ED58A56835606C43E
:2008740003D51EA6029A07568AA9C2C4029A07568AA902780756E28800C48AA9E20300C409
:20088400027807568AA9E8018F48E80DFA60027AE2AF01C40756E70000088AA9E20300C441
:20089400027C07568AA9E801E118E80EB850E20300C4027E07568AA9E801FBE8E80B852039
:2008A400E20300C4027A07568AA9E801E118E80EB8500280E2AF01C40756E70000408AA910
:2008B400E20300C4021407588AA9C4C4028207568AA9C2C4028207568AA9E801FBE8E80BDE
:2008C40085200284E2AF01C40756E70000088AA9E20300C4028007568AA902840756E2AFE5
:2008D40000C48AA90286E2AF01C40756E71000408AA9E20300C4028607568AA902880756C0
:2008E400E2AF00C4E84FA0008AA9E20300C4029207568AA9834606C41EC5028807568AA938
:2008F400834606C41ED5022007568AA9835806C41EC5022207568AA9835806C41ED50224B2
:2009040007568AA9835806C41EE5022607568AA9835806C41EF5023207568AA9C4C40208D5
:2009140007588AA9C2C4023E07568AA9C4C4020A07588AA9C2C4025007568AA9C4C4020CB7
:2009240007588AA9C2C4025607568AA9C4C4020E07588AA9C2C4026207568AA9C4C4021075
:2009340007588AA9C2C4027407568AA9C4C4021207588AA9C2C48356022C07588AA9C4C5AF
:20094400560301C407588AA9D116C29C022C07588AA992C452096706022C07588AA90AC432
:200954006F05022C07588AA92BC4028607568AA9C4C4021407588AA9C2C4FE8E8BBE0006B7
:20096400FE06761F038092006007764844F9761F038056BF010076484474761F0380920114
:200974006007764844DC761F038056BF01017648444E7622761F01F3060818A8FCFF1E088F
:20098400060A1AA810001E0A761A761F0101E2C400237700E2030042761F0100CC00C00099
:200994005012960018013FFF761F010128231388062091001E20761F01002B041808C3A03A
:2009A4001809C3A0761F0101282B09C5282D09C5282F7D0028317D0056BF9000280209064C
:2009B4001807FF3F1809FFF0761F0100CC0C7000500B960C761F0101CC11C000500F9611A1
:2009C400CC13C000500F9613761F0102922490801AA91A019624CC26FFCF50309626CC307E
:2009D400F0F01AA901019630CC2EFFF05001962E761F01001814F8007622761F01022B0085
:2009E400CC04F0001AA90FFF9604180DFF81761F0103CC03FCF0500496031804FCF09A0040
:2009F4001AA9101093009600761F01021802F000761F0103CC07FFC0501096072B092B0BA3
:200A04001808FFFE761F01001820FF5F1838FFF01838FF0F1838F0FF18380FFF1839FFF00F
:200A1400182DFF8D761A761F0105E2C400237700E2030044761F0104CC00C0001AA920064E
:200A2400960018013FFF761F010528231388062091001E20761F01042B041808C3A01809E2
:200A3400C3A0761F0105282B09C5282D09C5282F7D0028317D0056BF9000280209061807B9
:200A4400FF3F1809FFF0761F0104CC0C7000500B960C761F0105CC11C000500F9611CC1348
:200A5400C000500F9613761F0106922490801AA912019624CC26FFCF50309626CC30F0F0F0
:200A64001AA901019630CC2EFFF05001962E761F01041814F8007622761F01062B00CC04FC
:200A7400F0001AA90FFF9604180DFF81761F0107CC03FCF0500496031804FCF09A001AA9B8
:200A8400101093009600761F01061802F000761F0107CC07FFC0501096072B092B0B1808AD
:200A9400FFFE761F01041820FF5FCC38FFF050019638CC38FF0F50109638CC38F0FF1AA90D
:200AA40001009638CC380FFF1AA910009638CC39FFF050019639182DFF8D761A761F01099C
:200AB400E2C400237700E2030046761F0108CC00C0001AA92006960018013FFF761F010918
:200AC40028231388062091001E20761F01082B041808C3A01809C3A0761F0109282B09C5A3
:200AD400282D09C5282F7D0028317D0056BF9000280209061807FF3F1809FFF0761F01084C
:200AE400CC0C7000500B960C761F0109CC11C000500F9611CC13C000500F9613761F010A24
:200AF400922490801AA912019624CC26FFCF50309626CC30F0F01AA901019630CC2EFFF040
:200B04005001962E761F01081814F8007622761F010A2B00CC04F0001AA90FFF9604180D47
:200B1400FF81761F010BCC03FCF0500496031804FCF09A001AA9101093009600761F010AAA
:200B24001802F000761F010BCC07FFC0501096072B092B0B1808FFFE761F01081820FF5FBC
:200B3400CC38FFF050029638CC38FF0F50209638CC38F0FF1AA902009638CC380FFF1AA9E3
:200B440020009638CC39FFF050029639182DFF8D761AFF698F00E23C76480404E590761F48
:200B54000382E203000AE203000CE2030014E2030016E203001A761F03862B3D761F039576
:200B6400E203000AE203000CFE860006FE06761F038092006007764844F9761F038056BFCA
:200B74000100764844B4761F038092016007764844DC761F038056BF010176484494E59080
:200B8400761F0391E203001EE203002A7622761F01F0060818A8FFCF1E08060A1AA8040060
:200B94001E0A761A761F010DE2C400237700E2030042761F010CCC00C0005006960018014C
:200BA4003FFF761F010D28231388062091001AA813881E20761F010C2B041808C3A01809A3
:200BB400C3A0761F010D282B09C4282D09C4282F7D0028317D0056BF900028020906180732
:200BC400FF3F1809FFF0761F010CCC0C7000500B960C761F010DCC11C000500F9611CC13B7
:200BD400C000500F9613761F010E922490801AA91A019624CC26FFCF50309626CC30F0F05F
:200BE4001AA901019630CC2EFFF05001962E761F010C1814F8007622761F010E2B00CC046B
:200BF400F0001AA90FFF9604180DFF81761F010FCC03FCF0500496031804FCF09A001AA92F
:200C0400101093009600761F010E1802F000761F010FCC07FFC0501096072B092B0B18081B
:200C1400FFFE761F010C1820FF5FCC38FFF050039638CC38FF0F50309638CC38F0FF1AA961
:200C240003009638CC380FFF1AA930009638CC39FFF050039639182DFF8D761A761F0111EE
:200C3400E2C400237700E2030044761F0110CC00C0005006960018013FFF761F01112823D0
:200C44001388062091001AA813881E20761F01102B041808C3A01809C3A0761F0111282BCD
:200C540009C4282D09C4282F7D0028317D0056BF9000280209061807FF3F1809FFF0761F07
:200C64000110CC0C7000500B960C761F0111CC11C000500F9611CC13C000500F9613761F94
:200C74000112922490801AA912019624CC26FFCF50309626CC30F0F01AA901019630CC2E9A
:200C8400FFF05001962E761F01101814F8007622761F01122B00CC04F0001AA90FFF9604EC
:200C9400180DFF81761F0113CC03FCF0500496031804FCF09A001AA9101093009600761F07
:200CA40001121802F000761F0113CC07FFC0501096072B092B0B1808FFFE761F0110182076
:200CB400FF5FCC38FFF050049638CC38FF0F50409638CC38F0FF1AA904009638CC380FFFA3
:200CC4001AA940009638CC39FFF050049639182DFF8D761A761F0115E2C400237700E203F7
:200CD4000046761F0114CC00C0005006960018013FFF761F011528231388062091001AA837
:200CE40013881E20761F01142B041808C3A01809C3A0761F0115282B09C4282D09C4282FF3
:200CF4007D0028317D0056BF9000280209061807FF3F1809FFF0761F0114CC0C7000500BF5
:200D0400960C761F0115CC11C000500F9611CC13C000500F9613761F0116922490801AA903
:200D140012019624CC26FFCF50309626CC30F0F01AA901019630CC2EFFF05001962E761FFC
:200D240001141814F8007622761F01162B00CC04F0001AA90FFF9604180DFF81761F01178A
:200D3400CC03FCF0500496031804FCF09A001AA9101093009600761F01161802F000761FFE
:200D44000117CC07FFC0501096072B092B0B1808FFFE761F01141820FF5FCC38FFF05005D9
:200D54009638CC38FF0F50509638CC38F0FF1AA905009638CC380FFF1AA950009638CC39B0
:200D6400FFF050059639182DFF8D761AE590761F0381E203001E761F03862B3F761F0381C9
:200D7400E2030020761F03872B00761F0381E203003A8F00E20EFF6976480404E590E203D1
:200D84000026E2030028E2030030E2030032E2030036761F03862B3C761F0390E203002221
:200D9400E2030024FE860006761F0391061E761F03811E1E761F03862B3F761F0391062A29
:200DA400761F03811E20761F03872B000006FE0697469645A044A8428A44834292C496C5BA
:200DB4008A4292C4944596CC8A44834292CC96D58A4292D4944696DC8A42834492CC96C59C
:200DC4008A42834492DC96CDFE860006FE0CA84A2BC40208074A8AA956BF01C48A4A0201F7
:200DD4001ED4020019011E4C1E42064C1E440200C44CD500D4011901C2461E48020076486F
:200DE40047C7834AA8F58A4A9A109B00D5018AF4764847DD8A4A56BF01E4FE8C0006FE0AC2
:200DF4009647A046A8448A46D50102008AF4764848328A469A10D5019B008AF4764847DD87
:200E040096495200600D5CAD5DADDC880EA41E428A46DD875DA502018AF4764848398A44E3
:200E1400924896C4FE8A0006FE0AA84892C4601756BF01C48A4802010FD4601192E4610F4E
:200E2400020019011E4A1E42C44A02001901C2441E468A48064A8AF47648488EFE8A000674
:200E3400FE0CA84A2BC40208074A8AA956BF01C48A4A02011ED4020019011E4C1E42064C4A
:200E44001E440200C44CD500D4011901C2461E480201764847C7834AA8F58A4A9A109B0096
:200E5400D5018AF4764847DD8A4A56BF01E4FE8C0006FE0A9647A046A8448A46D50102008B
:200E64008AF4764848328A469A10D5019B008AF4764847DD96495200600D5CAD5DADDC8858
:200E74000EA41E428A46DD875DA502018AF4764848398A44924896C4FE8A0006FE0AA848CE
:200E840092C4601756BF01C48A4802010FD4601192E4610F020019011E4A1E42C44A0200A4
:200E94001901C2441E468A48064A8AF47648488EFE8A0006FE04A044A842022607428AA984
:200EA400E590E20300C48A44E20300D4021207448AA92BC4020E07448AA9E801EE60E80E4D
:200EB4006668E20300C4021007448AA9E805EE60E80E6668E20300C4021207428AA9E5906A
:200EC400E20300C4FE840006E20304BDFE16E2030248E2030146E2030044A04CA84A88C574
:200ED400025C075E8AA97EC4834A025D075E8AA988C57EC4025C075E8AA9BE0092C4610701
:200EE400025D075E8AA992C46102BE017E55025E075E8AA97EC40210075E8AA9E590E2036E
:200EF40000C4FFEF00B9020E07608AA9E2AF0146E2AF00C4E72000087700E2030050E801F8
:200F0400DCF8E2AF0150E80C9258E6940001AD146512020E07608AA9E801DCF8E80C925841
:200F14000236E2AF01C4075EE71000408AA9E20300C46F1FE805DCF8E80C9258E69400010F
:200F2400AD146312020E07608AA9E801DCF8E80C92580236E2AF01C4075EE72000088AA9FD
:200F3400E20300C46F06C4460236075E8AA9C2C40236075E8AA9C4C4020E07608AA9C2C497
:200F4400021007608AA9E2AF0146E2AF00C4E72000087700E2030050E801DCF8E2AF01505A
:200F5400E80C9258E6940001AD146512021007608AA9E801DCF8E80C92580238E2AF01C415
:200F6400075EE71000408AA9E20300C46F1FE805DCF8E80C9258E6940001AD146312021005
:200F740007608AA9E801DCF8E80C92580238E2AF01C4075EE72000088AA9E20300C46F06D3
:200F8400C4460238075E8AA9C2C40238075E8AA9C4C4021007608AA9C2C4E2AF0046E5A003
:200F9400AD14640A0236075E8AA9C4C40212075E8AA9C2C46F1E0238075E8AA9C4C4021289
:200FA400075E8AA9C2C46F15C4460212075E8AA9C2C46F0FE2AF0044E688000077007700A0
:200FB400BFA60F1206A6FFE1FF4002010FA661ED834A88C5025F075E8AA97EC4025F075EAB
:200FC4008AA992C4610A0212075E8AA9C4C40214075E8AA9C2C46F2A835CC4C50256075EF3
:200FD4008AA9C2C40256075E8AA9E2AF00C4E5A0AD14650B0258075E8AA9E801EE60E80E2A
:200FE4006668E20300C46F0A0258075E8AA9E805EE60E80E6668E20300C40258075E8AA971
:200FF400C4C40214075E8AA9C2C40216075E8AA9E801F260E80E6668E20300C40218075E4A
:201004008AA9E801FA60E80E6668E20300C40214075E8AA9E801F260E80E6668021AE2AF8F
:2010140001C4075EE70000408AA9E20300C48360C4C5021C075E8AA9C2C4021C075E8AA931
:20102400E801FA60E80E6668021EE2AF01C4075EE70000088AA9E20300C4021A075E8AA94B
:20103400021E075EE2AF00C48AA90220E2AF01C4075EE71000408AA9E20300C40220075E18
:201044008AA9E2AF00480222E2AF01C4075EE72000088AA9E20300C40222075E8AA9E80111
:20105400F758E809FE000224E2AF01C4075EE70000408AA9E20300C4834C0260075E8AA991
:2010640088C57EC4834A0261075E8AA988C57EC488550262075E8AA97EC40262075E8AA96F
:20107400BE009A0093C4530061029A0152006002BE010263075E8AA97EC40226075E8AA9EA
:20108400E590E20300C40263075E8AA992C46006021207608AA992C461048A60E20300D469
:201094008360C4D50228075E8AA9C2C40224075E8AA90228E2AF00C4075E8AA9022AE2AFE6
:2010A40001C4075EE71000408AA9E20300C4025E075E8AA992C4FFE1018DE8022C00023AE1
:2010B400E2AF0148E80AC000075EE70000088AA9E20300C4023A075E8AA9E801EEB0E80B12
:2010C400BA80023CE2AF01C4075EE70000088AA9E20300C4023C075E8AA9023E075EE2AF02
:2010D40000C4E85020008AA9E20300C48360C4E50240075E8AA9C2C483600242075E8AA959
:2010E400C4F5C2C40214075E8AA9E8022C00E80AC0000244E2AF01C4075EE70000088AA914
:2010F400E20300C40244075E8AA9E801EEB0E80BBA800246E2AF01C4075EE70000088AA97C
:20110400E20300C40246075E8AA90248075EE2AF00C4E85020008AA9E20300C40208076099
:201114008AA9C4C4024A075E8AA9C2C4020A07608AA9C4C4024C075E8AA9C2C4020C076087
:201124008AA9C4C4024E075E8AA9C2C48A5EE8021A40E20300C48A5EE801E518E80EB850E1
:20113400E20300D48A5EE801E498E80BA5E0E20300E48A5EE8021500E20300F40208075E25
:201144008AA9E801D418E8089378E20300C4020A075E8AA9E801B180E80FA960E20300C478
:20115400020C075E8AA9E801B760E80F9228E20300C4020E075E8AA9E801E8E8E80A4A904E
:20116400E20300C40248075E8AA9023E075EE2AF00C48AA9E2AF01C4E72000087700E203F2
:201174000050024E075E8AA9E801FBD0E80F0A40E2AF01C4E70000087700E2030052024AEF
:20118400075E8AA9E2AF03520240075EE2AF01C48AA9E801FA60E80E6668024EE2AF02C4EF
:20119400075EE3228C508AA9E71000E2E7000041E801E51CE80EB854E3228BC4E700011881
:2011A4007700E71000407700E2030054E2AF0052E2AF0154E72000087700E2030052E590D2
:2011B400E203004EE2AF0052E6950000E2030052E801ED18E80EB850E2AF0152E694000108
:2011C400AD146512E801ED18E2AF0252E801C829E80EB850E7200010E80A4239E7000008B5
:2011D4007700E203004EE2AF0150E2AF0054023EE801B764E850D20AE8506803075EE80141
:2011E400B1818AA9E80F922CE71000D2E80FA961E30502C4E70000517700E7200009E2AF09
:2011F400034EE71000C9E801E8ECE80A4A94E274010877000252075E8AA9E20300C4C454BA
:201204000254075E8AA9C2C40252E801E9F8075E8AA9E8092C600250075EE2AF01C4E7002F
:2012140000088AA9E20300C4023E075E8AA9836006C41EE50240075E8AA9836006C41EF5B4
:201224000248075E8AA9C4C4020807608AA9C2C4024A075E8AA9C4C4020A07608AA9C2C47E
:201234000254075E8AA9C4C4020C07608AA9C2C40250075E8AA9C4C4022C075E8AA9C2C438
:20124400022A075E8AA9E2AF00C4E811FC00AD14650E022A075E8AA9022EE2AF00C4075E9A
:20125400E8AFE0008AA9E20300C46F1D022A075E8AA9E2AF00C4E815FC00AD146408022E2C
:20126400075E8AA9E590E20300C46F0D022A075E8AA9022EE2AF00C4075EE88FE0008AA900
:20127400E20300C4022E075E8AA9BE00E2AF00C4E5A0AD146102BE010264075E8AA97EC42E
:20128400022E075E8AA9BE00E2AF00C4E5A0AD146502BE010265075E8AA97EC40265075EF6
:201294008AA992C46107025A075E8AA956BF01C46F06025A075E8AA928C4FFFF0222075E9F
:2012A4008AA9E801DE30E80E31200230E2AF01C4075EE70000408AA9E20300C40230075E32
:2012B4008AA9BE00E2AF00C4E5A0AD146502BE010266075E8AA97EC40266075E8AA992C4D0
:2012C4006107025B075E8AA956BF01C46F06025B075E8AA928C4FFFF025B075E8AA9025A2E
:2012D40088C4075E8AA9B60092A654C46002B6010267075E8AA97FC40264075E8AA9BE00F7
:2012E40092C461070267075E8AA992C46102BE010268075E8AA97EC40268075E8AA992C417
:2012F40061080232075E8AA9E590E20300C46F090230075E8AA9C4C40232075E8AA9C2C46B
:201304000220075E8AA9836006C41EC583600232075E8AA9E2AF00D5E2AF01C4E7100040DD
:201314007700E20300D50263075E8AA988C4021207608AA97EC4FE96E2AF04BE0006FE065E
:2013240076480057761F03879205761F039B96279628761F21B983228A22E28400E5E284BF
:2013340001D4E853E002E801BE88E7100089E80DB8B8E70000407700E2030046E8120200CE
:20134400AD14630AE801E2F8761F038AE8097E58E20300006F09E801EEF8761F038AE80970
:201354007E58E2030000761F03810600761F038A1E02E2AF0002E6AF0000E2030004761FB7
:20136400038792016126761F21B8062C761F03811E02E80258C0E2AF0102E80CB400E69434
:201374000001AD146508E80258C0E80CB400E20300026F0FE80658C0E80CB400E6940001F2
:20138400AD146307E80658C0E80CB400E2030002761F03810602761F038A1E06761F038703
:2013940092026126761F21B80636761F03811E04E80258C0E2AF0104E80CB400E69400017E
:2013A400AD146508E80258C0E80CB400E20300046F0FE80658C0E80CB400E6940001AD1400
:2013B4006307E80658C0E80CB400E2030004761F03810604761F038A1E08761F039B9227C1
:2013C4006134761F038AE801DE88E2AF0108E80C8510E7000008761F038DE203002A761F28
:2013D400038AE2AF0006E7000008761F038DE203002C761F21B8E2AF012AE7000008761F02
:2013E400038DE203002EE2AF012AE71000407700E2030030E85030007700E2030032063299
:2013F400761F038A1E0A6F0A761F038A0600761F03901E04761F038A1E0AE801C688E80D2E
:20140400B8B8E203000CE801FBF8E80FCB90E203000EE2AF010CE2AF000AE70000087700A7
:20141400E2030010761F03810606761F038A1E12E2AF0112E2AF000EE70000087700E203BE
:201424000014E2AF0114E2AF0010E71000407700E2030016761F038792036126761F21B8FB
:201434000610761F03811E08E80258C0E2AF0108E80CB400E6940001AD146508E80258C054
:20144400E80CB400E20300086F0FE80658C0E80CB400E6940001AD146307E80658C0E80C27
:20145400B400E2030008761F03810608761F038A1E18761F0381060A761F038A1E1AE806E7
:2014640002489A00E2AF011AE8087ED8E6940001AD1464029A01761F039B9629520061258B
:20147400E80202489A00E8087ED8E6940001AD1462029A01962C52006108761F038A061A4A
:20148400761F038D1E3C6F0DE8020648E8087ED8E7200008761F038DE203003E063E1E3CDA
:20149400761F038A1E1C6F0FE8020648E8087ED8E7100040761F038DE203003A063A761F90
:2014A400038A1E1CE2AF001CE85020007700E203001E061E1E4476480029E2030046E2AFB9
:2014B400004476480034E203004406461E2006441E22E2AF0122E2AF0018E70000087700E2
:2014C400E2030024761F038792046126761F21B8061A761F03811E0CE80258C0E2AF010C52
:2014D400E80CB400E6940001AD146508E80258C0E80CB400E203000C6F0FE80658C0E80C94
:2014E400B400E6940001AD146307E80658C0E80CB400E203000C761F0381060C761F038AA2
:2014F4001E26E2AF0026E2AF0120E70000087700E2030028E2AF0124E72000087700E20397
:20150400002A062A761F038C1E04761F038AE2AF0126E2AF0018E70000087700E203002C2D
:20151400761F21B8E2AF010EE7000008761F038AE203002EE801DE88E80C8510E2AF0126F5
:20152400E70000087700E2030030E2AF0130E2AF002EE71000407700E2030032E85030007E
:201534007700E2030034E2AF0002761F21B8E2AF0108E7000008761F038AE2030036060238
:201544001E46E2AF0046764849B452006108761F03A70638761F038A1E386F20E2AF00467B
:20155400E5A0AD146308E805FC00761F038AE20300386F149A00E5A0AD1465029A013B01FD
:2015640085A9BDA90F127700770077007700E6890000761F038AE2030038761F21B8E2AF29
:201574000006761F038AE2AF0138E70000087700E203003AE2AF0016E2AF0134E720000963
:20158400E2AF0336E72000C9E2AF023AE72000887700E203003C761F21B8E2AF0004761F21
:20159400038AE2AF013CE27400087700770077007700E203003EE2AF0002E8502000761FFF
:2015A400038BE2030000761F038AE801BE88E2AF0102E80DB8B8E7000008761F038BE20373
:2015B4000002761F038AE2AF011CE7100040761F038BE2030004E590E2030006E8040000B6
:2015C400E2030008E8040000E203000AE2AF0006E2AF0108E7100040E2AF030AE71000C082
:2015D4007700E203000CE590E203000EE8040000E2030010E2AF000EE2AF0110E7100040CE
:2015E4007700E2030012761F038AE2AF002AE86FC000761F038BE2030014761F038AE2AFB6
:2015F400002AE86FC000761F038BE2030016761F038AE2AF0018E2AF0120E7000008761F77
:20160400038BE2030018761F038AE2AF0122E2AF0026E7000008761F038BE203001AE2AF0C
:20161400011AE2AF0018E71000407700E203001CE801FAE8E80D9EB8E2AF011CE700000890
:201624007700E203001EE805FAE8E80D9EB8E2AF011CE70000087700E2030020E2AF011E49
:20163400E2AF0016E7100040761F038CE2030006761F038BE2AF0120E2AF0014E7100040F8
:20164400761F038CE2030008761F038AE2AF0122761F038BE2AF000CE70000087700E20394
:201654000022761F038AE2AF0120761F038BE2AF0012E70000087700E2030024E2AF012495
:20166400E2AF0022E71000407700E2030026761F21B8E2AF0012761F038BE2AF0126E274B8
:2016740000087700770077007700E2030028761F038AE2AF0126761F038BE2AF0000E700F0
:2016840000087700E203002A761F21B8E2AF0114E7000009761F21B8E2AF0216E2740088BF
:20169400770077007700761F038BE203002C761F038AE2AF0118E801F5C0E80A8F60E7006B
:2016A4000041761F21B8E2AF0318E27400C8770077007700761F038BE203002EE2AF012C54
:2016B400E2AF0028E7100009E2AF022EE72000887700E2030030761F038AE2AF0120761F18
:2016C400038BE2AF000CE70000087700E2030032761F038AE2AF0122761F038BE2AF0012C2
:2016D400E70000087700E2030034E2AF0134E2AF0032E72000087700E2030036761F21B8DF
:2016E400E2AF001C761F038BE2AF0136E27400087700770077007700E2030038761F038AD5
:2016F400E2AF0018761F038BE2AF0100E70000087700E203003A761F21B8E2AF011EE700EE
:201704000009761F21B8E2AF0320E27400C8770077007700761F038BE203003CE801DE8884
:20171400E80C8510E2AF0100E7000041761F21B8E2AF0222E2740088770077007700761F77
:20172400038BE203003E761F038AE801F5C0E80A8F60E2AF0126E7000041761F21B8E2AF74
:201734000324E27400C8770077007700761F038CE2030000761F038BE2AF0138E2AF003C28
:20174400E3204A3E761F038CE7200089E2AF0300E72000C87700E2030002761F0381060E58
:20175400761F038C1E0A9A00E8060248E8087ED8E2AF010AE6940001AD1464029A01761FA3
:20176400039B962A52006125E80202489A00E8087ED8E6940001AD1462029A01962B5200CD
:201774006108761F038C060A761F038D1E366F0DE8020648E8087ED8E7200008761F038D11
:20178400E203003806381E36761F038C1E0C6F0FE8020648E8087ED8E7100040761F038DF0
:20179400E20300340634761F038C1E0CE2AF000CE85020007700E203000E060E1E44764801
:2017A4000029E2030046E2AF004476480034E203004406461E1006441E12761F038AE2AF3A
:2017B4000006761F038CE2AF0112E70000087700E2030014761F038AE2AF0008761F038C09
:2017C400E2AF0110E70000087700E2030016E2AF0114E72000087700E20300180618761F26
:2017D400038D1E24761F038AE2AF0004E8502000761F038CE203001A761F038AE801BE88A0
:2017E400E2AF0104E80DB8B8E7000008761F038CE203001CE2AF010CE71000407700E203A5
:2017F400001EE590E2030020E2030022E2030024E801F950E80D5558E2AF0120E7000008B8
:201804007700E2030026E805F550E80D5558E2AF0122E70000087700E2030028E805F55015
:20181400E80D5558E2AF0124E70000087700E203002AE2AF0128E2AF0026E7100040E2AFAE
:20182400032AE71000C07700E203002CE801F898E80E69D0E2AF0122E70000087700E20391
:20183400002EE805F898E80E69D0E2AF0124E70000087700E2030030E2AF0130E2AF002E08
:20184400E71000407700E2030032E2AF0018E86FC0007700E2030034E2AF0018E86FC000AF
:201854007700E2030036761F038AE2AF0006761F038CE2AF0110E70000087700E2030038E0
:20186400761F038AE2AF0008761F038CE2AF0112E70000087700E203003AE2AF013AE2AFFF
:201874000038E71000407700E203003CE801FAE8E80D9EB8E2AF013CE70000087700E2031E
:20188400003EE805FAE8E80D9EB8E2AF013CE7000008761F038DE2030000761F038CE2AF70
:20189400013EE2AF0036E7100040761F038DE2030026E2AF0100761F038CE2AF0034E71055
:2018A4000040761F038DE2030028761F038CE2AF0112E2AF002CE7000008761F038DE20334
:2018B4000002761F038CE2AF0110E2AF0032E7000008761F038DE2030004E2AF0104E2AF65
:2018C4000002E71000407700E2030006761F21B8E2AF002E761F038DE2AF0106E274000821
:2018D4007700770077007700E2030008761F038AE2AF0108761F038CE2AF001AE7000008B1
:2018E400761F038DE203000A761F21B8E2AF0130E7000009761F21B8E2AF0232E27400889F
:2018F400770077007700761F038DE203000C761F038AE801F5C0E2AF0106E80A8F60E70039
:201904000041761F21B8E2AF0334E27400C8770077007700761F038DE203000EE2AF010C13
:20191400E2AF0008E7100009E2AF020EE72000887700E2030010761F038CE2AF0110E2AF27
:20192400002CE7000008761F038DE2030012761F038CE2AF0112E2AF0032E7000008761F5D
:20193400038DE2030014E2AF0114E2AF0012E72000087700E2030016761F21B8E2AF003809
:20194400761F038DE2AF0116E27400087700770077007700E2030018761F038AE2AF0006C6
:20195400761F038CE2AF011AE7000008761F038DE203001A761F21B8E2AF013AE700000966
:20196400761F21B8E2AF033CE27400C8770077007700761F038DE203001C761F038CE8016F
:20197400DE88E80C8510E2AF011AE7000041761F21B8E2AF023EE27400887700770077000E
:20198400761F038DE203001E761F038AE801F5C0E2AF0108E80A8F60E7000041761F21B949
:20199400E2AF0300E27400C8770077007700761F038DE2030020E2AF0118E2AF001CE72094
:2019A4000009E2AF021EE7200089E2AF0320E72000C87700E2030022E801BE88761F038A87
:2019B400E80DB8B8E2AF013E761F0381E7000009E2AF0200E71000887700E2030000E8027D
:2019C40058C0E2AF0100E80CB400E6940001AD146508E80258C0E80CB400E20300006F0FFB
:2019D400E80658C0E80CB400E6940001AD146307E80658C0E80CB400E2030000761F0387ED
:2019E4002B01E801BE88761F038DE2AF0110E80DB8B8761F0381E7000009E2AF0302E710C6
:2019F40000C87700E2030002E80258C0E2AF0102E80CB400E6940001AD146508E80258C0C4
:201A0400E80CB400E20300026F0FE80658C0E80CB400E6940001AD146307E80658C0E80C67
:201A1400B400E2030002761F03872B02E801BE88761F038DE2AF0122E80DB8B8761F038145
:201A2400E7000009E2AF0304E71000C87700E2030004E80258C0E2AF0104E80CB400E69441
:201A34000001AD146508E80258C0E80CB400E20300046F0FE80658C0E80CB400E694000129
:201A4400AD146307E80658C0E80CB400E2030004761F038A0616761F03811E06761F038726
:201A54002B03E801BE88761F038BE2AF0130E80DB8B8761F0381E7000009E2AF0308E7102F
:201A640000C87700E2030008E80258C0E2AF0108E80CB400E6940001AD146508E80258C047
:201A7400E80CB400E20300086F0FE80658C0E80CB400E6940001AD146307E80658C0E80CF1
:201A8400B400E2030008761F038B0604761F03811E0A761F03872B04E801BE88761F038C92
:201A9400E2AF0102E80DB8B8761F0381E7000009E2AF030CE71000C87700E203000CE8027F
:201AA40058C0E2AF010CE80CB400E6940001AD146508E80258C0E80CB400E203000C6F0F02
:201AB400E80658C0E80CB400E6940001AD146307E80658C0E80CB400E203000C761F038CFB
:201AC400061E761F03811E0E761F21B98A220201560100D48A2206D460040201560100E428
:201AD400FE860006FE083B01761F03868F00E1325603012B560100A4761F038F06C41E0ACD
:201AE400761F0386922C962D8F00E1365603012D560100A4761F038F06C41E0C7680E14EDB
:201AF4008F40E716C242E5908F00E1CEE2AF010AE2AF020CA0448F40E1C6A8468F00E1C795
:201B040076480EC89B00761F0386922E520060029B01761F039C560301A83B01C4268F0079
:201B1400E13A560301A9560100A4C2C4761F03869B00922E520060029B01761F039D5603BB
:201B240001A88F00E13AC4029C01560301A9560100A4C2C4761F03869B00922E520060023A
:201B34009B01972E8F00E1425603012F560100A4761F038F06C41E0EE801F260E80E6668DE
:201B4400E2030030E801FA60E80E6668E2030032E590E2030034E801F260E2AF010EE80EEF
:201B54006668E70000407700E2030036761F038106121E48761F038F1E38E801FA60E2AF02
:201B64000148E80E6668E70000407700E203004806481E3C761F03901E00761F03811E1252
:201B740006141E48761F038F1E3AE801FA60E2AF0148E80E6668E70000407700E2030048A6
:201B840006481E3EE2AF0136E71000407700E2030048761F039006481E02761F03811E1413
:201B9400761F03869B009230520060029B01761F0390560301A8C4008F00E146560301A9BF
:201BA400560100A4C2C4761F03869B009230520060029B01761F0390560301A88F00E146F5
:201BB400C4029C01560301A9560100A4C2C4761F03869B009230520060029B019730FE8812
:201BC4000006761F01FC1A0E00040006FE0202027648495C761F21B98A22F6092B84D50032
:201BD400FF2007448F00E28076484E2B2B419241520B630F3B01E590560301418F00E38013
:201BE400560100A4E20300C40A419241520B64F52B4192415206630F3B01E5905603014114
:201BF4008F00E3D4560100A4E20300C40A419241520664F52B4192415206630F3B01E5905E
:201C0400560301418F00E480560100A4E20300C40A419241520664F52B4192415219630FA3
:201C14003B01E590560301418F00E59A560100A4E20300C40A419241521964F52B41924191
:201C24005208630F3B01E590560301418F00E716560100A4E20300C40A419241520864F587
:201C3400E590761F038AE2030000E2030002E2030004E2030006E2030008E203000AE20398
:201C4400000CE203000EE2030010E2030012E2030014E2030016E2030018E203001AE203C0
:201C5400001CE203001EE2030020E2030022E2030024E2030026E2030028E203002AE20330
:201C6400002CE203002EE2030030E2030032E2030034E2030036E2030038E203003AE203A0
:201C7400003CE203003E761F038BE2030000E2030002E2030004E2030006E2030008E2035C
:201C8400000AE203000CE203000EE2030010E2030012E2030014E2030016E2030018E20390
:201C9400001AE203001CE203001EE2030020E2030022E2030024E2030026E2030028E20300
:201CA400002AE203002CE203002EE2030030E2030032E2030034E2030036E2030038E20370
:201CB400003AE203003CE203003E761F038CE2030000E2030002E2030004E2030006E203E9
:201CC4000008E203000AE203000CE203000EE2030010E2030012E2030014E2030016E20360
:201CD4000018E203001AE203001CE203001EE2030020E2030022E2030024E2030026E203D0
:201CE4000028E203002AE203002CE203002EE2030030E2030032E2030034E2030036E20340
:201CF4000038E203003AE203003CE203003E761F038DE2030000E2030002E2030004E20376
:201D04000006E2030008E203000AE203000CE203000EE2030010E2030012E2030014E2032F
:201D14000016E2030018E203001AE203001CE203001EE2030020E2030022E2030024E2039F
:201D24000026E2030028E203002AE203002CE203002EE2030030E2030032E2030034E2030F
:201D34000036E2030038E203003AE203003CE203003E761F038FE203000AE203000CE203ED
:201D4400000EE2030010E2030012E2030020E2030022E2030024E2030026E2030028E20373
:201D5400002AE203002CE203002EE2030030E2030032E2030034E2030036E2030038E203BF
:201D6400003AE203003CE203003E761F0390E2030000E2030002E2030004E2030006E20334
:201D74000008E203000AE203000CE203000EE2030010E2030012E2030014E2030016E203AF
:201D84000018E203001AE203001CE203001EE2030020E2030022E2030024E2030026E2031F
:201D94000028E203002AE203002CE203002EE2030030E2030032E2030034E2030036E2038F
:201DA4000038E203003AE203003CE203003E761F0391E2030000E2030002E2030004E203C1
:201DB4000006E2030008E203000AE203000CE203000EE2030010E2030012E2030014E2037F
:201DC4000016E2030018E203001AE203001CE203001EE2030020E2030022E2030024E203EF
:201DD4000026E2030028E203002AE203002CE203002EE2030030E2030032E2030034E2035F
:201DE4000036E2030038E203003AE203003CE203003E761F0392E203000CE203000EE20336
:201DF4000010E2030012E2030014E2030016E2030018E203001AE203001CE203001EE203EF
:201E04000020E2030022E2030024E2030026E2030028E203002AE203002CE203002EE2035E
:201E14000030E2030032E2030034E2030036E2030038E203003AE203003CE203003E761F1E
:201E24000393E2030000E2030002E2030004E2030006E2030008E203000AE203000CE203B6
:201E3400000EE2030010E2030012E2030014E2030016E2030018E203001AE203001CE203BE
:201E4400001EE2030020E2030022E2030024E2030026E2030028E203002AE203002CE2032E
:201E5400002EE2030030E2030032E2030034E2030036E2030038E203003AE203003CE2039E
:201E6400003E761F0394E2030000E2030002E2030004E2030006E2030008E203000AE20393
:201E7400000CE203000EE2030010E2030012E2030014E2030016E2030018E203001AE2038E
:201E8400001CE203001EE2030020E2030022E2030024E2030026E2030028E203002AE203FE
:201E9400002CE203002EE2030030E2030032E2030034E2030036E2030038E203003AE2036E
:201EA400003CE203003E761F0395E2030000E2030002E2030004E2030006E2030008E20320
:201EB400000AE203000CE203000EE2030010E2030012E2030014E2030016E2030018E2035E
:201EC400001AE203001CE203001EE2030020E2030022E2030024E2030026E2030028E203CE
:201ED400002AE203002CE203002EE2030030E2030032E2030034E2030036E2030038E2033E
:201EE400003AE203003CE203003E761F0396E2030000E2030002E2030004E2030006E203AD
:201EF4000008E203000AE203000CE203000EE2030010E2030012E2030014E2030016E2032E
:201F04000018761F0397E203000CE203000EE2030010E2030012E2030014E2030016E203CD
:201F14000018E203001AE203001CE203001EE2030020E2030022E2030024E2030026E2038D
:201F24000028E203002AE203002CE203002EE2030030E2030032E2030034E2030036E203FD
:201F34000038E203003AE203003CE203003E761F0398E2030000E2030002E2030004E20328
:201F44000006E2030008E203000AE203000CE203000EE2030010E2030012E2030014E203ED
:201F54000016E2030018E203001AE203001CE203001EE2030020E2030022E2030024E2035D
:201F64000026E2030028E203002AE203002CE203002EE2030030E2030032E2030034E203CD
:201F74000036E2030038E203003AE203003CE203003E761F0399E2030000E2030002E203B5
:201F84000004E2030006E2030008E203000AE203000CE203000EE2030010E2030012E203BD
:201F94000014E2030016E2030018E203001AE203001CE203001EE2030020E2030022E2032D
:201FA4000024E2030026E2030028E203002AE203002CE203002EE2030030E2030032E2039D
:201FB4000034E2030036E2030038E203003AE203003CE203003E761F039AE2030000E20342
:201FC4000002E2030004E2030006E2030008E203000AE203000CE203000EE2030010E2038D
:201FD4000012E2030014E2030016E2030018E203001AE203001C761F039CE2030026E203C6
:201FE4000028E203002AE203002CE203002EE2030030E2030032E2030034E2030036E2033D
:201FF4000038E203003AE203003CE203003E761F039DE2030000E2030002E2030004E20363
:202004000006E2030008E203000AE203000CE203000EE2030010E2030012E2030014E2032C
:202014000016E2030018E203001AE203001CE203001EE2030020E2030022E2030024E2039C
:202024000026E2030028E203002AE203002CE203002E761F039EE2030010E2030012E2032F
:202034000014E2030016E2030018E203001AE203001CE203001EE2030020E2030022E2038C
:202044000024E2030026E2030028E203002AE203002CE203002EE2030030E2030032E203FC
:202054000034E2030036E2030038E203003AE203003CE203003E761F039FE2030000E2039C
:202064000002E2030004E2030006E2030008E203000AE203000CE203000EE2030010E203EC
:202074000012E2030014E2030016E2030018E203001AE203001CE203001EE2030020E2035C
:202084000022E2030024E2030026E2030028E203002AE203002CE203002EE2030030E203CC
:202094000032E2030034E2030036E2030038E203003AE203003CE203003E761F03A0E20329
:2020A4000000E2030002E2030004E2030006E2030008E203000AE203000CE203000EE203BC
:2020B4000010E2030012E2030014E2030016E2030018E203001AE203001CE203001EE2032C
:2020C4000020E2030022E2030024E203002AE203002CE203002EE2030030E2030032E20388
:2020D4000034E2030036E2030038E203003AE203003CE203003E761F03A1E2030000E2031A
:2020E4000002E2030004E2030008E203000CE2030010E2030012E2030014E2030016E2034E
:2020F4000018E203001AE203001CE203001EE2030020E2030022E2030024E2030026E203AC
:202104000028E203002AE203002CE203002EE2030030E2030032E2030034E2030036E2031B
:202114000038E203003AE203003CE203003E761F03A2E2030002E2030004E2030006E20336
:202124000008E203000AE203000CE203000EE2030010E2030012E2030014E2030016E203FB
:202134000018E2030020E2030022E2030024E2030026E203002CE203002EE2030030E20335
:202144000032E2030034E2030036E2030038E203003AE203003CE203003E761F03A3E20375
:202154000000E2030002E2030004E2030006E2030008E203000AE203000CE203000EE2030B
:202164000010E2030012E2030014E2030016E2030018E203001AE203001CE203001EE2037B
:202174000020E2030022E2030024E2030026E2030028E203002AE203002CE203002EE203EB
:202184000030E2030032E2030034E2030036E2030038E203003AE203003CE203003E761FAB
:2021940003A4E2030000E2030002E2030004E2030006E2030008E203000AE203000CE20332
:2021A400000EE2030010E2030012E2030014E2030016E2030018E203001AE203001CE2034B
:2021B400001EE2030020E2030022E2030024E2030026E2030028E203002AE203002CE203BB
:2021C400002EE2030030E2030032E2030034E2030036E2030038E203003AE203003CE2032B
:2021D400003E761F03A5E2030000E2030006E2030008E203000AE203000CE203000EE203FB
:2021E4000010E2030012E2030014E2030016E2030018E203001AE203001CE203001EE203FB
:2021F4000020E2030024E2030028E203002CE203002EE2030030E2030032E2030034E20347
:202204000036E2030038E203003AE203003CE203003E761F03A6E2030000E2030002E20315
:202214000004E2030006E2030008E203000AE203000CE203000EE2030010E2030012E2032A
:202224000014E2030016E2030018E203001AE203001EE2030020E2030022E2030024E20392
:202234000026E2030028E203002AE203002CE203002EE2030030E2030032E2030034E203FA
:20224400003CE203003E761F03A7E2030000E2030002FF20022A8F00E040D50076484E2B0A
:20225400E590761F0381E2030000E2030002E2030004E2030006E2030008E203000AE2037B
:20226400000CE203000EE2030010E2030012E2030014E2030016E2030018E203001AE2039A
:20227400001CE203001EE2030020E2030022E2030024E2030026E2030028E203002AE2030A
:20228400002CE203002EE2030030E2030032E2030034E2030036E2030038E203003AE2037A
:20229400003CE203003E761F0382E2030000E2030002E2030004E2030006E2030008E2033F
:2022A400000AE203000CE203000EE2030010E2030012E2030014E2030016E2030018E2036A
:2022B400001AE203001CE203001EE2030020E2030022E2030024761F0384E2030032E203BF
:2022C4000034E2030036E2030038E203003AE203003CE203003E761F0385E2030000E20344
:2022D4000002E2030004E2030006E2030008E203000AE203000CE203000E2B419241520CB7
:2022E400630E3B01560301418F00E150560100A4E20300C40A419241520C64F5761F03853C
:2022F400E2030028E203002AE203002CE203002EE2030030E2030032E2030034E20300362A
:20230400E2030038E203003AE203003CE203003E761F0386E2030000761F0387E203000E24
:20231400E2030010E2030012E2030014E2030016E2030018E203001AE203001CE203001EC9
:20232400761F0388E203000EE2030010E2030012E2030014E2030016E2030018E203001AAA
:20233400E203001CE203001EE2030020E2030022E203003CE203003E761F0389E20300002F
:20234400E2030002E2030004E2030006E2030008E203000AE203000CE203000EE203001009
:20235400761F0385E801EE60E80E6668E203000E761F0386283708F7283808EE56BF053939
:20236400283A08EE283B08EE761F038056BF031A56BF031B56BF031C56BF031D56BF031E8C
:2023740056BF031056BF031156BF031256BF031356BF031456BF030C56BF030D56BF030E08
:2023840056BF030F56BF011556BF031656BF031756BF031856BF031956BF011F761F0387D5
:2023940056BF010156BF010256BF010356BF01047648096476480B6AE590E2030006E20324
:2023A4000008E203000A0200761F003019011E12020019011E102B161814FFEF8F00E716E0
:2023B4008F40E1CE76480E9E7622761F01F1060618A9FFCF1E060204980A990B761A7622CF
:2023C400761F01F3060818A8FCFF1E08060A1AA810001E0A761A7622761F01F0060818A8FB
:2023D400FFCF1E08060A1AA804001E0A761A8F00E200FF6976480DCA8F00E1EC76480E349D
:2023E4008F00E1F676480DCA8F00E1E276480E34761F038092006007764844F9761F038068
:2023F40056BF0100764843D6761F038092016007764844DC761F038056BF0101764843F4C8
:20240400761F038092006007764844F9761F038056BF010076484412761F03809201600758
:20241400764844DC761F038056BF010176484430761F01FC1A1B10006F0128A93A168F0072
:20242400E7838F40E20076480DF328A93A168F00E7818F40E1EC76480E5D28A950008F0032
:20243400E7828F40E1F676480DF328A950008F00E7808F40E1E276480E5D761F01FC1A033A
:2024440004006F0156BF014192415211672CFF69761F039A9639761F01D41A0D0004F64BA5
:202454007700761F002D9202761F039A963A761F01D21A0D0004F64B7700761F002C9222D9
:20246400761F039A963B923952086909923A8F00E7888F40E20C933B76480DAB0A419241D5
:20247400521168D7761F039EE2C401097700E8020800E27400087700770077007700E68EA9
:202484000000761F039AE21300371B3705DC69091B3709C467069237761F038696376F0581
:20249400761F0386283708F7761F039EE2C4010B7700E8020800E274000877007700770098
:2024A4007700E68E0000761F039AE21300381B3805DC69091B3809C467069238761F0386B3
:2024B40096386F05761F0386283808EE761F039B2B2E922E6107761F0386283708F72838C2
:2024C40008EE56BF014192415211672CFF69761F039A9634761F01D41A0D0008F64B77002D
:2024D400761F002D9203761F039A9635761F01D21A0D0008F64B7700761F002C9223761F3A
:2024E400039A963692345208690992358F00E7848F40E20A933676480DAB0A4192415211A1
:2024F40068D7761F039EE2C401057700E8020800E27400087700770077007700E68E000090
:20250400761F039AE21300321B3205DC69091B3209C467069232761F0386963B6F05761F7B
:202514000386283B08F7761F039EE2C401077700E8020800E2740008770077007700770035
:20252400E68E0000761F039AE21300331B3305DC69091B3309C467069233761F0386963AED
:202534006F05761F0386283A08EE761F039B2B2D922D6107761F0386283B08F7283A08EE13
:20254400FE82FF6900068F00E20076480E188F00E1EC76480E828F00E1F676480E188F00B1
:20255400E1E276480E8200069A218F0838EF9B007648257E9A21764825979A229B018F08B7
:2025640039E07648257E9A22764825979A609B038F083B027648257E9A6076482597000660
:202574009A21764827D09A22764827D09A60764827D00006FE0497449643A84252846006D5
:202584000642761F03A81E026F0C76222901C4428F000D0056030143560100A4C2C4761A02
:20259400FE84FF690006FE0296415201610B5280680408A9FF806F029CE0FFC29C01520195
:2025A400602292415280680708A9FF8090079C082DA96F049CE090072DA99A01761F003381
:2025B400FF66982292415280680408A9FF806F029CE0FFC22DA99A01FF6620A8CAA823A91D
:2025C400FFEF020A92415202610B5280680408A9FF806F029CE0FFC29C0152026022924108
:2025D4005280680708A9FF8090079C082DA96F049CE090072DA99A01761F0033FF66982485
:2025E40092415280680408A9FF806F029CE0FFC22DA99A01FF6620A8CAA823A9FFEF01DC41
:2025F40092415203610B5280680408A9FF806F029CE0FFC29C01520360229241528068078F
:2026040008A9FF8090079C082DA96F049CE090072DA99A01761F0033FF66982692415280EE
:20261400680408A9FF806F029CE0FFC22DA99A01FF6620A8CAA823A9FFEF01AE92415204BA
:20262400610B5280680408A9FF806F029CE0FFC29C015204602292415280680708A9FF8055
:2026340090079C082DA96F049CE090072DA99A01761F0033FF66982892415280680408A9CF
:20264400FF806F029CE0FFC22DA99A01FF6620A8CAA823A9FFEF018092415205610B528096
:20265400680408A9FF806F029CE0FFC29C015205602292415280680708A9FF8090079C0827
:202664002DA96F049CE090072DA99A01761F0033FF66982A92415280680408A9FF806F02E8
:202674009CE0FFC22DA99A01FF6620A8CAA823A9FFEF015292415206610B5280680408A966
:20268400FF806F029CE0FFC29C015206602292415280680708A9FF8090079C082DA96F04CA
:202694009CE090072DA99A01761F0033FF66982C92415280680408A9FF806F029CE0FFC2C2
:2026A4002DA99A01FF6620A8CAA823A9FFEF012492415207610B5280680408A9FF806F02B0
:2026B4009CE0FFC29C015207602292415280680708A9FF8090079C082DA96F049CE0900776
:2026C4002DA99A01761F0033FF66982E92415280680408A9FF806F029CE0FFC22DA99A0132
:2026D400FF6620A8CAA823A9FFEF00F692415208610B5280680408A9FF806F029CE0FFC2E2
:2026E4009C015208602292415280680708A9FF8090079C082DA96F049CE090072DA99A0111
:2026F400761F0033FF66983092415280680408A9FF806F029CE0FFC22DA99A01FF6620A844
:20270400CAA823A9FFEF00C892415209610B5280680408A9FF806F029CE0FFC29C01520913
:20271400602292415280680708A9FF8090079C082DA96F049CE090072DA99A01761F00330F
:20272400FF66983292415280680408A9FF806F029CE0FFC22DA99A01FF6620A8CAA823A99B
:20273400FFEF009A9241520A610B5280680408A9FF806F029CE0FFC29C01520A60219241F9
:202744005280680708A9FF8090079C082DA96F049CE090072DA99A01761F0033FF66983403
:2027540092415280680408A9FF806F029CE0FFC22DA99A01FF6620A8CAA823A96F6C9241EC
:20276400520B610B5280680408A9FF806F029CE0FFC29C01520B602192415280680708A930
:20277400FF8090079C082DA96F049CE090072DA99A01761F0033FF669836924152806804B2
:2027840008A9FF806F029CE0FFC22DA99A01FF6620A8CAA823A96F3F9241520C610B52805E
:20279400680408A9FF806F029CE0FFC29C01520C602192415280680708A9FF8090079C08E0
:2027A4002DA96F049CE090072DA99A01761F0033FF66983892415280680408A9FF806F0299
:2027B4009CE0FFC22DA99A01FF6620A8CAA823A96F129241520D610F520E610D520F610B2E
:2027C40052106109521161075212610552136803521F6601FE820006FE0296415201610BD0
:2027D4005280680408A9FF806F029CE0FFC29C015201602492415280680708A9FF8090077A
:2027E4009C082DA96F049CE090072DA99A01761F0033FF66FF5EC02292415280680408A936
:2027F400FF806F029CE0FFC22DA99A01FF66FF5E20A8CEA823A9FFEF021F92415202610BB9
:202804005280680408A9FF806F029CE0FFC29C015202602492415280680708A9FF80900748
:202814009C082DA96F049CE090072DA99A01761F0033FF66FF5EC02492415280680408A903
:20282400FF806F029CE0FFC22DA99A01FF66FF5E20A8CEA823A9FFEF01EF92415203610BB8
:202834005280680408A9FF806F029CE0FFC29C015203602492415280680708A9FF80900717
:202844009C082DA96F049CE090072DA99A01761F0033FF66FF5EC02692415280680408A9D1
:20285400FF806F029CE0FFC22DA99A01FF66FF5E20A8CEA823A9FFEF01BF92415204610BB7
:202864005280680408A9FF806F029CE0FFC29C015204602492415280680708A9FF809007E6
:202874009C082DA96F049CE090072DA99A01761F0033FF66FF5EC02892415280680408A99F
:20288400FF806F029CE0FFC22DA99A01FF66FF5E20A8CEA823A9FFEF018F92415205610BB6
:202894005280680408A9FF806F029CE0FFC29C015205602492415280680708A9FF809007B5
:2028A4009C082DA96F049CE090072DA99A01761F0033FF66FF5EC02A92415280680408A96D
:2028B400FF806F029CE0FFC22DA99A01FF66FF5E20A8CEA823A9FFEF015F92415206610BB5
:2028C4005280680408A9FF806F029CE0FFC29C015206602392415280680708A9FF80900785
:2028D4009C082DA96F049CE090072DA99A01761F0033FF66FF5EC02C92415280680408A93B
:2028E400FF806F029CE0FFC22DA99A01FF6620A8CAA823A9FFEF013092415207610B528042
:2028F400680408A9FF806F029CE0FFC29C015207602492415280680708A9FF8090079C0881
:202904002DA96F049CE090072DA99A01761F0033FF66FF5EC02E92415280680408A9FF802D
:202914006F029CE0FFC22DA99A01FF66FF5E20A8CEA823A9FFEF010092415208610B52805E
:20292400680408A9FF806F029CE0FFC29C015208602492415280680708A9FF8090079C084F
:202934002DA96F049CE090072DA99A01761F0033FF66FF5EC03092415280680408A9FF80FB
:202944006F029CE0FFC22DA99A01FF66FF5E20A8CEA823A9FFEF00D092415209610B52805E
:20295400680408A9FF806F029CE0FFC29C015209602492415280680708A9FF8090079C081E
:202964002DA96F049CE090072DA99A01761F0033FF66FF5EC03292415280680408A9FF80C9
:202974006F029CE0FFC22DA99A01FF66FF5E20A8CEA823A9FFEF00A09241520A610B52805D
:20298400680408A9FF806F029CE0FFC29C01520A602392415280680708A9FF8090079C08EE
:202994002DA96F049CE090072DA99A01761F0033FF66FF5EC03492415280680408A9FF8097
:2029A4006F029CE0FFC22DA99A01FF66FF5E20A8CEA823A96F709241520B610B528068046F
:2029B40008A9FF806F029CE0FFC29C01520B602392415280680708A9FF8090079C082DA953
:2029C4006F049CE090072DA99A01761F0033FF66FF5EC03692415280680408A9FF806F02CA
:2029D4009CE0FFC22DA99A01FF66FF5E20A8CEA823A96F419241520C610B5280680408A92D
:2029E400FF806F029CE0FFC29C01520C602392415280680708A9FF8090079C082DA96F0460
:2029F4009CE090072DA99A01761F0033FF66FF5EC03892415280680408A9FF806F029CE08F
:202A0400FFC22DA99A01FF66FF5E20A8CEA823A96F129241520D610F520E610D520F610BF6
:202A140052106109521161075212610552136803521F6601FE820006FE0296415201610B7D
:202A24005280680408A9FF806F029CE0FFC29C015201601692415280680708A9FF80900735
:202A34009C082DA96F049CE090072DA99A01761F0033FF669823F6017700FFEF0185924174
:202A44005202610B5280680408A9FF806F029CE0FFC29C015202601692415280680708A96A
:202A5400FF8090079C082DA96F049CE090072DA99A01761F0033FF669825F6017700FFEF95
:202A6400016392415203610B5280680408A9FF806F029CE0FFC29C01520360169241528031
:202A7400680708A9FF8090079C082DA96F049CE090072DA99A01761F0033FF669827F601B8
:202A84007700FFEF014192415204610B5280680408A9FF806F029CE0FFC29C015204601671
:202A940092415280680708A9FF8090079C082DA96F049CE090072DA99A01761F0033FF66A9
:202AA4009829F6017700FFEF011F92415205610B5280680408A9FF806F029CE0FFC29C0186
:202AB4005205601692415280680708A9FF8090079C082DA96F049CE090072DA99A01761F54
:202AC4000033FF66982BF6017700FFEF00FD92415206610B5280680408A9FF806F029CE04C
:202AD400FFC29C015206601692415280680708A9FF8090079C082DA96F049CE090072DA905
:202AE4009A01761F0033FF66982DF6017700FFEF00DB92415207610B5280680408A9FF8008
:202AF4006F029CE0FFC29C015207601692415280680708A9FF8090079C082DA96F049CE064
:202B040090072DA99A01761F0033FF66982FF6017700FFEF00B992415208610B52806804C9
:202B140008A9FF806F029CE0FFC29C015208601692415280680708A9FF8090079C082DA901
:202B24006F049CE090072DA99A01761F0033FF669831F6017700FFEF009792415209610B17
:202B34005280680408A9FF806F029CE0FFC29C015209601592415280680708A9FF8090071D
:202B44009C082DA96F049CE090072DA99A01761F0033FF669833F60177006F759241520A87
:202B5400610B5280680408A9FF806F029CE0FFC29C01520A601592415280680708A9FF8027
:202B640090079C082DA96F049CE090072DA99A01761F0033FF669835F60177006F5492414B
:202B7400520B610B5280680408A9FF806F029CE0FFC29C01520B601592415280680708A928
:202B8400FF8090079C082DA96F049CE090072DA99A01761F0033FF669837F60177006F339E
:202B94009241520C610B5280680408A9FF806F029CE0FFC29C01520C6015924152806807E4
:202BA40008A9FF8090079C082DA96F049CE090072DA99A01761F0033FF669839F60177006D
:202BB4006F129241520D610F520E610D520F610B5210610952116107521261055213680312
:202BC400521F6601FE82FF690006FE0296415280680408A9FF806F029CE0FFC29C019642C3
:202BD40092416103520C69059242610B520C66099242761F00339CFF2DA99A01FF6696210D
:202BE400FE820006761BFFF0E20000BDE63006002942561676256F00761BFFF0E20000BD10
:202BF400E63006002942561676256F00761BFFF0E20000BDE63006002942561676256F00A8
:202C0400761BFFF0E20000BDE63006002942561676256F00761BFFF0E20000BDE630060059
:202C14002942561676256F00761BFFF0E20000BDE63006002942561676256F00761BFFF023
:202C2400E20000BDE63006002942561676256F00761BFFF0E20000BDE630060029425616E2
:202C340076256F00761BFFF0E20000BDE63006002942561676256F00761BFFF0E20000BD3B
:202C4400E63006002942561676256F00761BFFF0E20000BDE63006002942561676256F0057
:202C5400761BFFF0E20000BDE63006002942561676256F00761BFFF0E20000BDE630060009
:202C64002942561676256F00761BFFF0E20000BDE63006002942561676256F00761BFFF0D3
:202C7400E20000BDE63006002942561676256F00761BFFF0E20000BDE63006002942561692
:202C840076256F00761BFFF0E20000BDE63006002942561676256F00761BFFF0E20000BDEB
:202C9400E63006002942561676256F00761BFFF0E20000BDE63006002942561676256F0007
:202CA400761BFFF0E20000BDE63006002942561676256F00761BFFF0E20000BDE6300600B9
:202CB4002942561676256F00761BFFF0E20000BDE63006002942561676256F00761BFFF083
:202CC400E20000BDE63006002942561676256F00761BFFF0E20000BDE63006002942561642
:202CD40076256F00761BFFF0E20000BDE63006002942561676256F00761BFFF0E20000BD9B
:202CE400E63006002942561676256F00761BFFF0E20000BDE63006002942561676256F00B7
:202CF400761BFFF0E20000BDE63006002942561676256F00761BFFF0E20000BDE630060069
:202D04002942561676256F00761BFFF0E20000BDE63006002942561676256F00761BFFF032
:202D1400E20000BDE63006002942561676256F00761BFFF0E20000BDE630060029425616F1
:202D240076256F00761BFFF0E20000BDE63006002942561676256F00761BFFF0E20000BD4A
:202D3400E63006002942561676256F00761BFFF0E20000BDE63006002942561676256F0066
:202D4400761BFFF0E20000BDE63006002942561676256F00761BFFF0E20000BDE630060018
:202D54002942561676256F00761BFFF0E20000BDE63006002942561676256F00761BFFF0E2
:202D6400E20000BDE63006002942561676256F00761BFFF0E20000BDE630060029425616A1
:202D740076256F00761BFFF0E20000BDE63006002942561676256F00761BFFF0E20000BDFA
:202D8400E63006002942561676256F00761BFFF0E20000BDE63006002942561676256F0016
:202D9400761BFFF0E20000BDE63006002942561676256F00761BFFF0E20000BDE6300600C8
:202DA4002942561676256F00761BFFF0E20000BDE63006002942561676256F00761BFFF092
:202DB400E20000BDE63006002942561676256F00761BFFF0E20000BDE63006002942561651
:202DC40076256F00761BFFF0E20000BDE63006002942561676256F00761BFFF0E20000BDAA
:202DD400E63006002942561676256F00761BFFF0E20000BDE63006002942561676256F00C6
:202DE400761BFFF0E20000BDE63006002942561676256F00761BFFF0E20000BDE630060078
:202DF4002942561676256F00761BFFF0E20000BDE63006002942561676256F00761BFFF042
:202E0400E20000BDE63006002942561676256F00761BFFF0E20000BDE63006002942561600
:202E140076256F00761BFFF0E20000BDE63006002942561676256F00761BFFF0E20000BD59
:202E2400E63006002942561676256F00761BFFF0E20000BDE63006002942561676256F0075
:202E3400761BFFF0E20000BDE63006002942561676256F00761BFFF0E20000BDE630060027
:202E44002942561676256F00761BFFF0E20000BDE63006002942561676256F00761BFFF0F1
:202E5400E20000BDE63006002942561676256F00761BFFF0E20000BDE630060029425616B0
:202E640076256F00761BFFF0E20000BDE63006002942561676256F00761BFFF0E20000BD09
:202E7400E63006002942561676256F00761BFFF0E20000BDE63006002942561676256F0025
:202E8400761BFFF0E20000BDE63006002942561676256F00761BFFF0E20000BDE6300600D7
:202E94002942561676256F00761BFFF0E20000BDE63006002942561676256F00761BFFF0A1
:202EA400E20000BDE63006002942561676256F00761BFFF0E20000BDE63006002942561660
:202EB40076256F00761BFFF0E20000BDE63006002942561676256F00761BFFF0E20000BDB9
:202EC400E63006002942561676256F00761BFFF0E20000BDE63006002942561676256F00D5
:202ED400761BFFF0E20000BDE63006002942561676256F00761BFFF0E20000BDE630060087
:202EE4002942561676256F00761BFFF0E20000BDE63006002942561676256F00761BFFF051
:202EF400E20000BDE63006002942561676256F00761BFFF0E20000BDE63006002942561610
:202F040076256F00761BFFF0E20000BDE63006002942561676256F00761BFFF0E20000BD68
:202F1400E63006002942561676256F00761BFFF0E20000BDE63006002942561676256F0084
:202F2400761BFFF0E20000BDE63006002942561676256F00761BFFF0E20000BDE630060036
:202F34002942561676256F00761BFFF0E20000BDE63006002942561676256F00761BFFF000
:202F4400E20000BDE63006002942561676256F00761BFFF0E20000BDE630060029425616BF
:202F540076256F00761BFFF0E20000BDE63006002942561676256F00761BFFF0E20000BD18
:202F6400E63006002942561676256F00761BFFF0E20000BDE63006002942561676256F0034
:202F7400761BFFF0E20000BDE63006002942561676256F00761BFFF0E20000BDE6300600E6
:202F84002942561676256F00761BFFF0E20000BDE63006002942561676256F00761BFFF0B0
:202F9400E20000BDE63006002942561676256F00761BFFF0E20000BDE6300600294256166F
:202FA40076256F00761BFFF0E20000BDE63006002942561676256F00761BFFF0E20000BDC8
:202FB400E63006002942561676256F00761BFFF0E20000BDE63006002942561676256F00E4
:202FC400761BFFF0E20000BDE63006002942561676256F00761BFFF0E20000BDE630060096
:202FD4002942561676256F00761BFFF0E20000BDE63006002942561676256F00761BFFF060
:202FE400E20000BDE63006002942561676256F00761BFFF0E20000BDE6300600294256161F
:202FF40076256F00761BFFF0E20000BDE63006002942561676256F00761BFFF0E20000BD78
:20300400E63006002942561676256F00761BFFF0E20000BDE63006002942561676256F0093
:20301400761BFFF0E20000BDE63006002942561676256F00761BFFF0E20000BDE630060045
:203024002942561676256F00761BFFF0E20000BDE63006002942561676256F00761BFFF00F
:20303400E20000BDE63006002942561676256F00761BFFF0E20000BDE630060029425616CE
:2030440076256F00761BFFF0E20000BDE63006002942561676256F00761BFFF0E20000BD27
:20305400E63006002942561676256F00761BFFF0E20000BDE63006002942561676256F0043
:20306400761BFFF0E20000BDE63006002942561676256F00761BFFF0E20000BDE6300600F5
:203074002942561676256F00761BFFF0E20000BDE63006002942561676256F00761BFFF0BF
:20308400E20000BDE63006002942561676256F00761BFFF0E20000BDE6300600294256167E
:2030940076256F00761BFFF0E20000BDE63006002942561676256F00761BFFF0E20000BDD7
:2030A400E63006002942561676256F00761BFFF0E20000BDE63006002942561676256F00F3
:2030B400761BFFF0E20000BDE63006002942561676256F00761BFFF0E20000BDE6300600A5
:2030C4002942561676256F00761BFFF0E20000BDE63006002942561676256F00761BFFF06F
:2030D400E20000BDE63006002942561676256F00761BFFF0E20000BDE6300600294256162E
:2030E40076256F00761BFFF0E20000BDE63006002942561676256F00761BFFF0E20000BD87
:2030F400E63006002942561676256F00761BFFF0E20000BDE63006002942561676256F00A3
:20310400761BFFF0E20000BDE63006002942561676256F00761BFFF0E20000BDE630060054
:203114002942561676256F00761BFFF0E20000BDE63006002942561676256F00761BFFF01E
:20312400E20000BDE63006002942561676256F00761BFFF0E20000BDE630060029425616DD
:2031340076256F00761BFFF0E20000BDE63006002942561676256F00761BFFF0E20000BD36
:20314400E63006002942561676256F00761BFFF0E20000BDE63006002942561676256F0052
:20315400761BFFF0E20000BDE630060029425616E28000BEFFF176177602761BFFF0E200D2
:2031640000BDE63006002942561676256F007648324E7622FF697648405F761F1740CC0836
:2031740000C0FFC56007761F174606366003764835F8761A9A01D400D5019B14FF6976482A
:20318400325C76C702823E677648318B00067622761F174C1A2200011A2200041A22000866
:203194001A2200101A2200201A2300011A2300041A2400011A2400021A2600011A260002F2
:2031A4001A2600041A2600081A2600101A2600201A2600401A2600801A2601001A2602000C
:2031B4001A2604001A2608001A2800011A2800021A2800041A2800081A2800101A280020A4
:2031C4001A2A00011A2A00021A2A00041A2E00011A2E00021A3000011A3000021A300004A0
:2031D4001A3000081A3200011A3200021A3200041A3400011A3400021A3600011A3600025C
:2031E4001A3800011A3800021A3900011A3A00011A3C00011A3C00021A3C00041A3C000814
:2031F4001A3E00011A3E00021A3E00041A3E00081A3E00101A3E00201A3E00401A3E0080FC
:20320400761F174D1A0300011A0300021A030004761AFF69000676220200761F174C1E2283
:203214001E241E261E281E2A1E2E1E301E321E341E361E381E3A1E3C1E3E761F174D1E0279
:20322400761AFF69000676226F059A0228A85A5A1E24761F140092249003520260F7761AF1
:20323400FF69000676229A0028A85A5A761F14001E24761AFF6900067622761F01C0CC258E
:20324400FF0050559625CC25FF0050AA9625761AFF690006FE027622761F01C09229900728
:203254009641924150689629761AFF69FE820006FE207D527C519750964F56BF015F761F2B
:203264001748884F920890030EA90FA6601588509214907F0EA90FA6600F8851CC140300E2
:20327400FFC70EA90FA6600888529222903F0EA90FA6FFE101CA884F920890030EA90FA6BC
:2032840061116F0A7648355A6F0D7648356A6F0A7648357E6F07924F61F9520161FA52027C
:2032940061F27622761F174888509214907F0EA90FA660088851CC140300FFC70EA90FA6EC
:2032A4006123761F1744922C761F1748180EFFFDF67877001822FFC02B6092605205671495
:2032B400761F1748180EFFFEF614770056030851CA500EA91E1492169001520160FD0A605A
:2032C4009260520568EE9252523F61089C01CD22FFC0903FCAA896226F06CD22FFC0903F37
:2032D400CAA89622761F01C09222965392299654922A965576222B2ACC25FF005055962534
:2032E400CC25FF0050AA962576083B3092BE96562B2256BF2829761F17441A2C0001761F81
:2032F40017481A0E0002F6147700FF69764832407622925F5201FFE001208F000800761F10
:203304001748CC160002FFC052016016180EFFFDF6787700180EFFFEF61477005603085181
:20331400CA500EA91E1492169001520160FD1A0E0002F6147700761F0030920C9657060AA2
:203324001E44920E9658920F9659761F174D923C9007965DCC3C0038FFC2965E761F0030FE
:203334009214965A06121E469216965B9217965C761F00301A0C00103B01FF2FE0001E0AC6
:20334400180EFF001A0C00201A0C80001A0C40006F16761F174DCC3CFFF85001963C6F15CE
:20335400761F174DCC3CFFF85002963C6F0E761F174DCC3CFFF85003963C6F07924F61F1FA
:20336400520161F6520261E6761F00301A1480001A1440001A140010A8121816FF001A14D0
:203374000020761F00301A0C0010761F00301A140010761F00301A0C0020761F00301A141D
:2033840000201A1480001814FFEF761F0030180CFFEF761F00304F146D05761F00304F0CB0
:203394006CF9761F00301A0C0010761F00301A1400103B01FF2FE000761F003003081E4836
:2033A4009257960C06441E0A9258960E9259960F925D761F174D9007CD3CFFF8CAA8963C2B
:2033B400925E9007FF82CD3CFFC7CAA8963C925A761F0030961406461E12925B9616925C80
:2033C4009617E2C401517700E8020400E274000977007700E2C403507700E71000C87700EC
:2033D400E203004C761F17489222903F60039A016F059222903F560301A985A9BDA90F1284
:2033E4007700770077007700E68900007700E203004EE2840148E2AF034CE2AF024EE8027A
:2033F4002800E2740008E27400997700770077007700E72000087700E203004A9B009A017D
:20340400E801EE60E2AF014AE80E6668E6940001AD14620AE805EE60E80E6668E6940001AF
:20341400AD1464029A00520061029B01975F925F5201FFE1FEE6761F1744182CFFFE761FC2
:2034240001C0CC25FF0050559625CC25FF0050AA96251A540028925496299255962ACC53D1
:20343400FFFE962240566D02291041566D022920F6C87700761F17489252CD22FFC0903FAC
:20344400CAA89622761AFEA0FF690006FE107D467C45974496432B482B49761F17488843B6
:20345400920A90030EA90FA6601F8844921E907F0EA90FA660198845CC1E0300FFC70EA997
:203464000FA660128846922490030EA90FA6FFE100CB6F0A7648358E6F0D764835986F0A79
:20347400764835A46F07924361F6520161F7520461F87622761F17481818FFFD761AF678EF
:203484007700761F174D923C9007964DCC3C0038FFC2964E761F00309214964A06121E42C8
:203494009216964B9217964C7622761F174DCC3CFFF85006963C183CFFC7761F00301A143F
:2034A4000010020A1E122B162B171814BFFF761F17481A240003761A6F347622761F17485B
:2034B4001818FFFEF614770056030845CA440EA91E1E1A180001761A92209001520160FDED
:2034C40076221A180002F6147700761F00301A1400201814FFEF2B471B4703E8670E761FA5
:2034D40000304F146C061A14800056BF01496F050A471B4703E868F41A1400100A48761A38
:2034E400924852056703924961C99249600876220200761F17481E1E761A76252B4F6F19EE
:2034F40076221818FFFDF67877001818FFFEF614770056030845CA440EA91E1E9220900177
:20350400520160FD1A180002F61477000A4F761A761F174841206C04924F520A68E2762275
:203514009246CD24FFFC9003CAA89624761F174D924D9007CD3CFFF8CAA8963C924E9007EA
:20352400FF82CD3CFFC7CAA8963C924A761F0030961406421E12924B9616924C96171A14EE
:203534000020761AFE90FF69000676220200761F17C019011E10020019011E120200190115
:203544001E14020019011E160200761F17C119011E10020019011E12020019011E14020092
:2035540019011E16761A9A00FF6900067622761F1748CC08FFFC50029608F6FA7700F63297
:2035640077001A080010761AFF6900067622761F17481808FFF7F6FA7700F63277001808D8
:20357400FFFCF6FA7700F63277001A080010761AFF6900067622761F17481808FFEFF6FA7C
:203584007700F6327700CC08FFFC50019608761AFF6900067622761F17481808FFF7180A91
:20359400FFFC761AFF6900067622761F17481808FFEFCC0AFFFC5001960A761AFF690006C4
:2035A4007622761F1748CC0AFFFC5002960A761AFF6900067622761F174D1836FFFC761A50
:2035B4007621FF6900067622761F174DCC36FFFC50019636761A7621FF6900067622761F85
:2035C400174DCC36FFFC50029636761A761F174492259003520160FB7622761F1748180E3E
:2035D400FFFD180EFFFE761A7621FF6900067622761F174D1A360003761A761F1744922508
:2035E4009003600592249001520161F8FF697648320F7622761F1748180EFFFD180EFFFEA4
:2035F400761A7621FF690006761F174C1A3C00011A3C00021A3C00041A3C00088F007BDDDC
:20360400761F1746A836A838A83AA83C761F174C183CFFFE183CFFFD183CFFFB183CFFF7FF
:203614000006FE067D451E44A842761F1400CE08CF09FF58610456BF01466F0C924552016A
:203624006004061696C46F055202600306161EC42B469246FE860006FE047C431E42761FFA
:203634001400064ACA42CB41CE08CF09FF58610456BF01446F1292435201600402071E10F2
:203644006F055202600302081E1006481E12064ACA42CB411E042B449244FE840006FE042C
:203654007C431E42761F1400064CCA42CB41CE08CF09FF58610456BF01446F1992435201B0
:20366400600902011E1006481E12064A91001E146F095202600702021E1006481E12064AE8
:203674001E14064CCA42CB411E042B449244FE840006FE047C431E42761F1400064CCA4283
:20368400CB41CE08CF09FF58610456BF01446F1992435201600902091E1006481E12064A36
:2036940091001E146F0952026007020A1E1006481E12064A1E14064CCA42CB411E042B44EB
:2036A4009244FE840006FE047C431E42761F1400064CCA42CB41CE08CF09FF58610456BFF5
:2036B40001446F1992435201600902031E1006481E12064A91001E146F095202600702049B
:2036C4001E1006481E12064A1E14064CCA42CB411E042B449244FE840006FE047C431E423E
:2036D400761F1400064CCA42CB41CE08CF09FF58610456BF01446F19924352016009020BD9
:2036E4001E1006481E12064A91001E146F0952026007020C1E1006481E12064A1E14064C46
:2036F400CA42CB411E042B449244FE840006FE047C431E42761F1400064CCA42CB41CE08A5
:20370400CF09FF58610456BF01446F1492435201600402051E106F055202600302061E1012
:2037140006481E12064A1E14064CCA42CB411E042B449244FE840006FE047C431E42761F86
:203724001400064CCA42CB41CE08CF09FF58610456BF01446F14924352016004020D1E10F7
:203734006F0552026003020E1E1006481E12064A1E14064CCA42CB411E042B449244FE84B9
:203744000006FE041E42761F1400064CCA42CB41CE08CF09FF58610456BF01436F0C021298
:203754001E1006481E12064A1E14064CCA42CB411E042B439243FE840006FE0C7C4B1E4899
:203764008F05F444A84A924B600D064A1E42D40206501E4406521E4606487648367D964CA2
:203774006F0E5201600C064A1E42D40206501E4406521E460648764836D1964C924CFE8CA2
:203784000006FE061E420642761F1400CE02CF03FF5861FA02070F18600B061A1E468A4687
:203794000EC41E1E064ACA42CB411E006F1002080F18600B061A1E448A4406C41E1E064AC0
:2037A400CA42CB411E006F0306421E00FE860006FE061E420642761F1400CE02CF03FF581F
:2037B40061FA02010F18600E061A1E448A44061C98C48A440EC41E1E064ACA42CB411E00D2
:2037C4006F1402020F18600F061A1E468A46061C98C499CC8A4606C41E1E064ACA42CB4153
:2037D4001E006F0306421E00FE860006FE061E420642761F1400CE02CF03FF5861FA762214
:2037E40002090F18600E061A1E448A44061C98C48A440EC41E1E064ACA42CB411E006F1472
:2037F400020A0F18600F061A1E468A46061C98C499CC8A4606C41E1E064ACA42CB411E0080
:203804006F0306421E00761AFE86FF690006FE061E420642761F1400CE02CF03FF5861FAA1
:2038140002030F18600F061A1E448A44061CFF5EC0C48A440EC41E1E064ACA42CB411E0044
:203824006F1502040F186010061A1E468A46061CFF55C0C4C1CC8A4606C41E1E064ACA4256
:20383400CB411E006F0306421E00FE860006FE061E420642761F1400CE02CF03FF5861FA3F
:203844007622020B0F18600F061A1E448A44061CFF5EC0C48A440EC41E1E064ACA42CB4192
:203854001E006F15020C0F186010061A1E468A46061CFF55C0C4C1CC8A4606C41E1E064A0C
:20386400CA42CB411E006F0306421E00761AFE86FF690006FE061E420642761F1400CE028F
:20387400CF03FF5861FA02050F18600E061A1E468A46061C96C48A460EC41E1E064ACA420A
:20388400CB411E006F1302060F18600E061A1E448A44061C1EC48A4406C41E1E064ACA4257
:20389400CB411E006F0306421E00FE860006FE061E420642761F1400CE02CF03FF5861FADF
:2038A4007622020D0F18600E061A1E468A46061C96C48A460EC41E1E064ACA42CB411E0094
:2038B4006F13020E0F18600E061A1E448A44061C1EC48A4406C41E1E064ACA42CB411E001F
:2038C4006F0306421E00761AFE86FF690006FE041E420642761F1400CE02CF03FF5861FAE3
:2038D40002120F18600E061A1E44C544061C3E67761F14001E1E0648CA42CB411E006F03FE
:2038E40006421E00FE84000677007700770077007700FF690006761BFFF00005ABBDA8BDC3
:2038F400A0BDC2BDC3BDE20000BDE20300BDE20301BDE20302BDE20303BDE6300600FE040D
:20390400FF6929425616761F003392229641923296421822FFB91832FFFEF6057700762F25
:20391400FEFE28210101762300012910761F03A8921E5201FFE0009C761F03865603012E15
:2039240096443B018F00E13A56030144560100A4761F038F06C41E1092449C018F00E13AEE
:20393400560301A9560100A406C41E12761F03862D31350696442B439243520663163B019A
:2039440092448F00E1509443560301A9560100A4C4C4560301438F00E3D4560100A4C2C40C
:203954000A439243520664ED761F03868F00E16856030132560100A4761F038F06C41E20DC
:20396400761F03868F00E16C56030133560100A4761F038F06C41E22761F03868F00E17092
:2039740056030134560100A4761F038F06C41E24761F0386560301359644560301448F00C3
:20398400E174560100A4761F038F06C41E2692449C018F00E174560301A9560100A406C47F
:203994001E28761F03868F00E17C56030136560100A4761F038F06C41E2AFF697640800061
:2039A400BE00922D6002BE0106A6761F0397C4148F00E136FF30560100A4C2C4761F03863E
:2039B4009B00922D520060029B01972C761F01D21A0400011A0600013B109241761F0033F8
:2039C400962292429632FF699A2176482BC9FE84E2AF03BEE2AF02BEE2AF01BEE2AF00BEF6
:2039D400E28000BEC5BEC4BE83BE8ABE87BE00033B30FFF176177602761BFFF00005ABBD90
:2039E400A8BDA0BDC2BDC3BDE20000BDE20300BDE20301BDE20302BDE20303BDE6300600B9
:2039F400FE04FF6929425616761F003392229641923296421822FFBB1832FFFEF6057700D6
:203A0400762FFEFE28210101762300012910761F03A8921E5201FFE000CD761F038656037D
:203A1400013096433B018F00E14656030143560100A4761F038F06C41E2C92439C018F00C2
:203A2400E146560301A9560100A406C41E2EFF6976408C432B4392435206631D3B015603AA
:203A340001438F00E480560100A42BAC761F03869231C4C4600328AC000135068F00E150CD
:203A44009443560301A9560100A4C2C40A439243520664E6761F03869B0092315200600213
:203A54009B0197319232BE006002BE0106A6761F0391C40A8F00E168FF30560100A4C2C420
:203A6400761F03869B009232520060029B0197329233BE006002BE0106A6761F0391C4105F
:203A74008F00E16CFF30560100A4C2C4761F03869B009233520060029B0197339234BE008A
:203A84006002BE0106A6761F0391C4128F00E170FF30560100A4C2C4761F03869B00923447
:203A9400520060029B0197349B009235520060029B01761F0391560301A83B01C4148F0077
:203AA400E174560301A9560100A4C2C4761F03869B009235520060029B01761F03915603D7
:203AB40001A88F00E174C4169C01560301A9560100A4C2C4761F03869B0092355200600236
:203AC4009B0197359236BE006002BE0106A6761F0391C4188F00E17CFF30560100A4C2C486
:203AD400761F03869B009236520060029B019736761F01D41A0400011A0600013B1092416C
:203AE400761F0033962292429632FF699A2276482BC9FE84E2AF03BEE2AF02BEE2AF01BE5B
:203AF400E2AF00BEE28000BEC5BEC4BE83BE8ABE87BE00033B30FFF176177602761BFFF08D
:203B04000005ABBDA8BDA0BDC2BDC3BDE20000BDE20300BDE20301BDE20302BDE20303BD46
:203B1400E6300600FE0AFF6929425616761F03A8921E5201FFE000882B4856BF01492B4740
:203B240092475206630D3B015CADDC865CA4A8A981478AA92BC40A479247520664F62B48AF
:203B3400924961175CAD9A0C9B04DC865CA4764840F196487700520061035208600A5CADA7
:203B44000206FF69DC865DA48F00E40676484DD2761F0390E2AF0008E68E0000761F039AD1
:203B5400E213003C923C9001963D9B00520061029B01761F039B972F922F761F038796068D
:203B6400761F03900606761F03851E0E761F039A923C90F0963EFFC3963F761F03869639EC
:203B7400761F0390060A1E0C761F0386BE00922B6002BE0106A6761F0390C4068F00E132D5
:203B8400FF30560100A4C2C4761F03869B00922B520060029B01972B922FBE006002BE0149
:203B940006A6761F0390C40C8F00E142FF30560100A4C2C4761F03869B00922F52006002DD
:203BA4009B01972F7622761F01C81A0B0040761A76221A0B4000761A9A60FF6976482BC913
:203BB400FE8AE2AF03BEE2AF02BEE2AF01BEE2AF00BEE28000BEC5BEC4BE83BE8ABE87BE34
:203BC40000033B30FFF1761776028F484E388F08646FA0A9564100A4A8A98F008000764815
:203BD4004DD228A9003F28A800008F486F188F00963876484DD2764096380006FE0A0200A6
:203BE4001E441E461E4876228F084606761F0038A80802151E46021C0F46690E5C46020193
:203BF400DC8C2DA4563B98489947020107461E46021C0F4666F4021A1E460F46690E5C46B8
:203C04000201DC8C2DA4563B98489947020107461E46021A0F4666F40648761F17D198042D
:203C14009905761A8F03FFF0A84283428F083C73A8C583428F00EA04A8D583428F00EA067C
:203C2400A8E583428F083CC6A8F5020807428AA98F483D2FA0C4020A07428AA98F483D9C93
:203C3400A0C4020C07428AA98F483DF4A0C4020E07428AA98F483E47A0C4761F00331A22C6
:203C440010007623000129102920761F140006209B00900F1E4A02020F4A610AFF2002BC1E
:203C54000F4466026F05020107441E446FEF020B1E2202131E109A0128A880001E04020074
:203C64001E448F0001F4A8A90F446907020107441E44A8A90F4466FBFE8AFF690006FE029B
:203C74001E4228AC0018BE03900018A8FF0056220FA66025184100FFCC4200FF290188A962
:203C8400064218A9FF009100FF475CA99B0392A676483EA6CC4200FF80A928AC001806425A
:203C940091FF0EA888A90642900018A8FF0056225CA993A692A776483F326F22CC4200FF46
:203CA40088A92901064218A9FF009100FF475CA99B0292A676483EA6CC4200FF80A928AC40
:203CB4000018064291FF0EA888A90642900018A8FF0056225CA993A692A776483F32020161
:203CC400FE820006FE041E42924290FF964376226F479243761F01E496006F599243761F57
:203CD40001E496016F549243761F01E496026F4F9243761F01E496036F4A9243761F01E4FC
:203CE40096046F459243761F01E496056F409243761F01E496066F3B9243761F01E4960758
:203CF4006F369243761F01E496086F319243761F01E496096F2C9243761F01E4960A6F2770
:203D04009243761F01E4960B6F229243761F01E4960C6F1D9243761F01E4960D6F180642E0
:203D14002901BE0D18A9FF009100FF471EA719010FA6660D06A776C86EAAFF301902560158
:203D240000A724A9DF0124A81EA77620761A0201FE84FF690006FE101E4228AC001C900093
:203D340018A8F0005622964B28AC00180642900018A80F005622964C064291FF974D290193
:203D4400064218A9FF009100FF47964E924290FF964F924E900F96508F007A805603014FBD
:203D54009CFE560301A9560100A4924EFFC3560301A907A41E46924F9CFF8F007AA0560385
:203D640001A907A41E448F007AB6A8488F007AB8A84A76222BAAFF69924D900327A98A463F
:203D74005603015016A9563BFF5A92AB98C492AA98CC8A4402012D4E563B98C499CC5C4F5A
:203D8400924B83489001DC810EA92DA4563B98C599CD5C4F924C9001834ADC810EA92DA4E1
:203D9400563B98C599CD761A0201FF69FE900006FE0E1E4228AC0018900018A80F005622FD
:203DA4009649064291FF974A2901064218A9FF009100FF47964B924290FF964C924B900FBC
:203DB400964D8F007A005603014C9CFE560301A9560100A4924BFFC3560301A907A41E4614
:203DC400924C9CFF8F007A20560301A907A41E448F007A38A84876222BAAFF69924A9003B8
:203DD40027A98A465603014D16A9563BFF5A92AB98C492AA98CC8A4402012D4B563B98C470
:203DE40099CC5C4C924983489001DC810EA92DA4563B98C599CD761A0201FF69FE8E0006B5
:203DF400FE0E1E4228AC0018900018A80F0056229649064291FF974A2901064218A9FF00B6
:203E04009100FF47964B924290FF964C924B900F964D8F007A405603014C560301A95601F9
:203E140000A4924BFFC3560301A907A41E465603014C8F007A6007A41E448F007A78A848AC
:203E240076222BAAFF69924A900327A98A465603014D16A9563BFF5A92AB98C492AA98CC11
:203E34008A4402012D4B563B98C499CC924990018A482D4C0EA9563B98C499CC761A020180
:203E4400FF69FE8E0006FE061E42924290FF96452901064218A9FF009100FF4796468F004E
:203E54007940A84476222D4635031EA692452DA690070EA9563B98C499CC761A0201FF695D
:203E6400FE860006FE0476220200761F01F01E3C761F01F11E3C761F01F21E3C761F01F3EC
:203E74001E3C761F01F41E3C761F01F51E3C8F007C00A8422B43924352C0670F2901BE0063
:203E8400901F520661065603014307428AA9C2C40A43924352C068F58F007F00A8422B431A
:203E940092435218670C2901BE005603014307428AA9C2C40A439243521868F8761AFE84D7
:203EA400FF690006FE0E7C4B974A9649901F964C9249900F964D92499007964E29018F0000
:203EB4007C009249FFC4FF84560301A9560100A4A842924A52036670924B520F69026F6CDE
:203EC400924CFFC3560301A9074209061E44924CFFC3560301A9074209201E46924CFFC269
:203ED400560301A9074209281E487622FF6902038A44FF5A5603014D16A9563BFF55FF5A1B
:203EE40092ABC0C492AAC0CC0203FF5A8A465603014D16A9563BFF55FF5A92ABC0C492AA66
:203EF400C0CC0203FF5A924BFFC188A98A46A9A989A6FF5A5603014D16A9563BFF5A92ABBF
:203F040098C492AA98CC0203894B8A44FF5A5603014D16A9563BFF5A92AB98C492AA98CC18
:203F14000203FF5A8A485603024E16A9563BFF55FF5A92ABC0C492AAC0CC0203894A8A4884
:203F2400FF5A5603024E16A9563BFF5A92AB98C492AA98CC761AFE8EFF690006FE187C5726
:203F340097569655901F0EA91E4E9255900F0EA91E502D4E0201563B1E5229018F007C0064
:203F44009255FFC4FF84560301A9560100A4A842020A07421E44020C07421E46021007427B
:203F54001E48021207421E4A064EFF43FF30074209021E4C76228A440652FF55C0C4C1CC7C
:203F640092565201601F8A44065298C499CC42576C068A4A065298C499CC6F068A4A065203
:203F7400FF55C0C4C1CC9257900561078A460652FF55C0C4C1CC6F238A46065298C499CCDA
:203F84006F1E8A440652FF55C0C4C1CC40576C078A460652FF55C0C4C1CC6F058A460652D2
:203F940098C499CC41576C068A48065298C499CC6F068A480652FF55C0C4C1CC92579030AA
:203FA400FFC30EA91E54FF6902038A4CFF5A5603015016A9563BFF55FF5A92ABC0C492AAD2
:203FB400C0CC0654610CA354560301508A4C16A9563BFF5A92AB98C492AA98CC761AFE981B
:203FC400FF690006FE0A974A9649901F0EA91E462D460201563B1E4829018F007C00924960
:203FD400FFC4FF84560301A9560100A4A842023C07421E447622924A61068A44064898C463
:203FE40099CC6F068A440648FF55C0C4C1CC761AFE8AFF690006FE0296417622761F01E4F3
:203FF4009603761AFF69FE820006FE0296417622761F01E49604761AFF69FE820006FE0295
:2040040096417622761F01E49605761AFF69FE820006FE0296417622761F01E4960C761A7F
:20401400FF69FE820006FE0296417622761F01E4960D761AFF69FE820006762228A9FFFF2D
:2040240028A87FFF761F01F21E0C761F01F302081E0C761F01F402201E0C3B01761F01F522
:20403400FF29FFFF1E0C761AFF69000676228F3FFC1C761F01F0A80C28A90E0028A8FC00BB
:20404400761F01F11E0C28A943E728A81EF0761F01F21E0C761F01F302081E0C761F01F4D9
:2040540002001E0C3B01761F01F5FF29FFFF1E0C761AFF690006FE02761F174006082901E7
:2040640018A907009100FF479641520560047648403A6F0652066004764840216F01FE8293
:204074000006FE049643FFC429018F007F00FF81560301A9560100A4A8429243901F2DA98E
:2040840006C456221EA692A690019644FE840006FE0697469645FFC429018F007F00FF81B4
:20409400560301A9560100A4A84202011EA69245901F2DA906A6563B1E44924660040644DC
:2040A4001EE46F0306441ED4FE860006FE0697449643A8429244520160192B4592435445A0
:2040B400653A3B01761F01C8CC0A1F00FFC7521061FA854507428AA9880992C43CA67E09A5
:2040C4000A459243544562EF6F262B453B016F1C2B46924652016217761F01C8CC0A1F009A
:2040D400FFC7521061FA854507428AA98009560303462DA992C4FF623CA77F090A469246B8
:2040E400520165EB0A45934392A8FFCE94A8FFA0544562DF9A00FE860006FE10974C964B42
:2040F400A8422B4E2B4F8F1AB3F0A84A2B4D544D6572761F003006101E4602001E446F1877
:20410400761F003006101E4806460F48680403481E446F09034828ABFFFF28AAFFFF5601E3
:2041140000ABA944064A0F4466039A016F55761F01C8CC0B1F00FFC761E4924C5201651F74
:20412400924F600F934D92A83B01FFCE94A8FFA085A907428AA9C60796C456BF014F6F1573
:20413400934D92A83B01FFCE94A8FFA085A907428AA95603080798C42B4F6F073B01880744
:20414400854D07428AA97EC4CC0B8000FFCE520160031A0B400044056C0356BF044E420526
:204154006C0356BF034E43056C0356BF054E45056C0356BF064ECC050080FFC65201600765
:204164001A0100201801FFDF1A0100200A4D924B544D6290924EFE900006FE0C97469645D1
:20417400A044A8422B472B482B492B4A924F9445964B8A522BC4924B5447FFE50095761FA3
:2041840001C8CC0B1F00FFC761599246520165372B4C9207964C92496010934792A83B0188
:20419400FFCE94A8FFA085A907428AA9924C90FF96C456BF01496F0E934792A83B01FFCEF9
:2041A40094A8FFA085A907428AA95603084C98C42B49924F6141854A07448AA9884C0EC483
:2041B4000FA6600B0A4A924F544A60368A5292479E4F9C0196C46F572B4A6F2E3B01880726
:2041C400854707428AA97EC4924F6116854A07448AA988C4854707428AA980C406A60FA772
:2041D400601B0A4A924F544A60178A5292479E4F9C0196C46F382B4A6F0F924760039A07F6
:2041E4006F548A5296C48A52924554C4630296C456BF08486F280A47CC0B8000FFCE520174
:2041F40060031A0B400044056C0356BF044842056C0356BF034843056C0356BF0548450551
:204204006C0356BF0648CC050080FFC6520160071A0100201801FFDF1A010020924B544713
:20421400FFE2FF6F924F600892485208611D8A52924B96C46F198A5292C4601692479C0187
:20422400544A610792479CFF96C456BF08486F0356BF07488A52924554C4630296C48A5205
:2042340092C463022BC49248FE8C0006761F03A82B0E02001E1056BF010F0006FE081E441A
:2042440002068F00E9DC1EAC56440044560100A4A8467622761F174C1A3200011A32000242
:20425400761AFFEF0102761F03A89212FFE0010C83468F006100A8C58A462BD48A462BDC2D
:204264008A4656BF10E48A462BEC6F0156BF01479A3AD40FD5019B00FF6956BF31417648D8
:204274004CFF56BF31419A3BD40FD5009B0076484CFF56BF31419A3CD40FD5019B007648B8
:204284004CFF56BF31419A3DD40FD5019B0076484CFF8A468AC418C4FF7F8A468AC41AC4A0
:2042940000208A468AC41ACC00048A468AC41ACC00028A468AC41AE4006C8A46020F07C4A8
:2042A4008AA992479003FF8398C48A46020A07C48AA91AC440008A46020B07C48AA918C4CE
:2042B400FFE08A46020B07C48AA91AC400108A46020B07C48AA91AC400408A468AC41AC44D
:2042C4000080761F03A856BF0112FFEF009D761F03A89213FFE0009883468F006110A8C5D5
:2042D4008A462BD48A462BDC8A4656BF10E48A462BEC6F0156BF01479A3FD40FD5019B006A
:2042E400FF6956BF314176484CFF56BF31419A40D40FD5009B0076484CFF56BF31419A41A3
:2042F400D40FD5019B0076484CFF56BF31419A42D40FD5019B0076484CFF8A468AC418C493
:20430400FF7F8A468AC41AC400208A468AC41ACC00048A468AC41ACC00028A468AC41AE4D5
:20431400006C8A46020F07C48AA992479003FF8398C48A46020A07C48AA91AC440008A462C
:20432400020B07C48AA918C4FFE08A46020B07C48AA91AC400108A46020B07C48AA91AC431
:2043340000408A468AC41AC40080761F03A856BF01136F2902001EC48A462BD48A462BDC22
:204344008A462BE48A462BEC6F1E02001EC48A462BD48A462BDC8A462BE48A462BEC6F1334
:2043540002001EC46F10C44406A6FFE1FEFE02010FA6FFE1FF6E02020FA661DD02030FA6A0
:2043640061E56FEF0206FF691EAC564400448F00E9DC560100A4FE880006FE0497449643EC
:20437400A84206C461148AC418C4FFBF8A428AC418CCFFF78A428AC492439001FF8598C4C4
:204384008A428AC492449001FF8298CCFE840006FE049643A8422B4406C461426F308AC49D
:20439400CCD40080FFC696446F3B8AC4CCD40040FFC596446F358AC4CCD40020FFC4964485
:2043A4006F2F8342020A07C58AA9CCC41F00FFC796446F268342020B07C58AA9CCC41F0027
:2043B400FFC796446F1D8342020B07C58AA9CCC48000FFCE96446F142B446F129243520398
:2043C400620A520361DF520061CB520161CF520261D36FF3520461DF520561E66FEE924486
:2043D400FE8400067622761F01D4061418A8FFF818A97FFF51011E141815FE0FCC14FE0093
:2043E400500E9614180AFFCFCC3B00FF933B3CA8973B1A0000041809FFE0761AFF6900061B
:2043F4007622761F01D2061418A8FFF818A97FFF51011E141815FE0FCC14FE00500E9614F5
:20440400180AFFCFCC3B00FF933B3CA8973B1A0000041809FFE0761AFF6900067622761FD5
:2044140001D4061618A8FFF818A97FFF51021E161817FE0FCC16FE00500E9616180AFF3F94
:20442400CC3B00FF933B3CA8973B1A0000041809FFE0761AFF6900067622761F01D20616B6
:2044340018A8FFF818A97FFF51021E161817FE0FCC16FE00500E9616180AFF3FCC3B00FF5F
:20444400933B3CA8973B1A0000041809FFE0761AFF6900067622761F01D2061018A8FFF8EB
:2044540018A97FFF51011E10CC11FE0F50509611CC10FE00500E96101A0700201807FFF02B
:204464001A070040180AFFFCCC3B00FF933B3CA8973B1A0000041809FFE0761AFF69000614
:204474007622761F01D4061018A8FFF818A97FFF51011E10CC11FE0F50509611CC10FE008F
:20448400500E9610180AFFFCCC3B00FF933B3CA8973B1A0000041809FFE0761AFF69000651
:204494007622761F01D2061218A8FFF818A97FFF51021E12CC13FE0F50B09613CC12FE0006
:2044A400500E9612180AFFF3CC3B00FF933B3CA8973B1A0000041809FFE0761AFF69000638
:2044B4007622761F01D4061218A8FFF818A97FFF51021E12CC13FE0F50B09613CC12FE00E4
:2044C400500E96121A070020CC07FFF0500196071A070040180AFFF3CC3B00FF933B3CA8B4
:2044D400973B1A0000041809FFE0761AFF6900067622761F174C1A3C0002761F01D2CC01BD
:2044E400FFF050089601D4009B00FF699A0176484516761F01D21A0000802901FF209C3E2A
:2044F4007640966F761AFF6900067622761F174C1A3C0004761F01D4CC01FFF050089601F0
:20450400D4009B00FF699A0276484516761F01D41A0000802901FF209C3E7640966F761A99
:20451400FF690006FE067C4397429641764845CC8F0703AC0EC48F00FFFF0FA46113924238
:20452400600656030241944396446F065603024194439C02964476C703AC3E679645FFEF0A
:20453400008D2B45FFEF008A761F01D09243CD01FF7F9001FF86CAA8960192456102963B41
:20454400924260121801FFBF761F01D1063090001E30063290001E32063690001E36063849
:2045540090001E386F741A0100406F71761F01D29243CD01FF7F9001FF86CAA896019245C4
:204564006102963B924260121801FFBF761F01D3063090001E30063290001E320636900085
:204574001E36063890001E386F521A0100406F4F761F01D49243CD01FF7F9001FF86CAA8C2
:20458400960192456102963B924260121801FFBF761F01D5063090001E30063290001E32C1
:20459400063690001E36063890001E386F301A0100406F2D761F01D69243CD01FF7F90010F
:2045A400FF86CAA8960192456102963B924260121801FFBF761F01D7063090001E30063288
:2045B40090001E32063690001E36063890001E386F0E1A0100406F0B9241FFE1FF775201F5
:2045C4006196520261B6520361D66F01FE860006FE0296416F2D8F0703B40EC48F00FFFFD0
:2045D4000FA4612F76C703B43E676F2B8F0703B20EC48F00FFFF0FA4612476C703B23E67D8
:2045E4006F208F0703B00EC48F00FFFF0FA4611976C703B03E676F158F0703AE0EC48F0092
:2045F400FFFF0FA4610E76C703AE3E676F0A520061D3520161DC520261E5520361EE6F01B7
:20460400FE820006761BFFF00005ABBDA8BDA0BDC2BDC3BDE20000BDE20300BDE20301BD7E
:20461400E20302BDE20303BDE6300600FE04FF6929425616761F140006181E446F7F9A002F
:2046240028A880001E420201764837ACFFEF00889A0028A880001E420201764837AC6F7FD0
:204634009A0028A880001E4202017648380B6F779A0028A880001E4202017648380B6F6F06
:204644009A0028A880001E4202017648386E6F679A0028A880001E4202017648386E6F5F50
:204654009A0028A880001E420201764837DA6F579A0028A880001E420201764837DA6F4F8A
:204664009A0028A880001E4202017648383B6F479A0028A880001E4202017648383B6F3FD6
:204674009A0028A880001E4202017648389B6F379A0028A880001E4202017648389B6F2F26
:204684009A0028A880001E420201764837856F279A0028A880001E420201764837856F1F64
:204694009A0028A880001E420201764838CB6F17761F03A856BF01006F12BE111901C544A9
:2046A4000FA666F706A776C86E68FF301902560100A724A9DF0124A81EA77620761F00333F
:2046B40056BF0121FF20036E761F14000F1C602602019800990106001AA880001E00020127
:2046C4009806990706061AA880001E06761F03A80602610876220602761F00381E08761A52
:2046D4006F0D3B10761F00331822EFFFF6057700762FFFFE56BF01212910FE84E2AF03BEB7
:2046E400E2AF02BEE2AF01BEE2AF00BEE28000BEC5BEC4BE83BE8ABE87BE00033B30FFF175
:2046F40076177602FE04761F03A892160A1652006109761F03A856BF011C761F03A80B1608
:204704006F725CADDC835CA47648003F76484AAC7648132376484AB6761F03A80B1656BF73
:2047140001449244520363243B015CADDC835CA4A8A981448AA992C461178F00EA19A8A9F0
:2047240081448AA99B0192C495A9520097C4610C761F03A856BF011C8F00EA19A8A9814419
:204734008AA90BC46F050A449244520364DF56BF01449244520363378F00EA163B01A8A9F8
:2047440081448AA992C4602F8F00EA19A8A981448AA992C461248F00EA16A8A981448AA9EA
:204754000AC476484AAC6F0776481AD66F0976481BC56F069244520161F8520261F9764826
:204764004AB63B018F00EA19A8A981448AA90BC48F00EA16A8A981448AA90BC40A44924484
:20477400520364CBFE840006FE042842B717284137D1E8021A40E2030044761F03A82B1D79
:204784002B1E76483BC976484893761F21B98A2202001EC476481BCA76484DF9E2AF0042F8
:20479400E2AF014476484A6A761F21B98A22BE0006C46002BE01761F03A87E1E76484AAC69
:2047A40076484B2F7648255876484DEF761F03A8921E6111761F21B98A22B600BE0006C4CD
:2047B4006002BE0192A66002B601761F03A87F1D921E60F1764825747648254776484DF911
:2047C4009A00FE840006FE087D487C471E4476484242A846020019010F52610956BF314125
:2047D4009252D400D5019B0076484CFF8A46FE880006FE0A7D4797469645A84206421E441F
:2047E40088D40E460FA6600788DC0E450FA660039A006F3D06C41E4A924596DC8A449246B3
:2047F40096D48A4A18C4FF7F8A4492D460088A4A18C4FFBF8A4A18CCFFF76F1B92D4520112
:2048040060088A4A18C4FFBF8A4A1ACC00086F1192D4520260088A4A1AC400408A4A18CCB0
:20481400FFF76F078A4A1AC400408A4A1ACC000883448A4A92DDCDC4FFF09CFF900FCAA82E
:2048240096C48A4A1AC400809A006F01FE8A0006FE041E44A8429A00FE840006FE067D451A
:204834001E44A8429A00FE860006FE101E46A044A84206421E4806C41E4A06541E4E0644C4
:204844001E5002001E4C06460F4C69368A48020A074A88E48AA9CCC41F00FFC780A906A61C
:204854000FA761F58A4828AC001092AC9EDC2DA9064C07508AA992C4FF6688A90208074AD1
:204864008AA97EC4020B074A8AA9CCC41F00FFC761FA8A482DDC8A4A0201563B9CFFCEFCB6
:2048740088A9064C074E8AA97EC40201074C1E4C06460F4C66CC9A00FE900006FE061E46A8
:20488400A044A8429A00FE860006FE02A8429A00FE820006FE041E44A842FE840006764884
:20489400324E7622761F174C1A2200041A2E00011A2E0002761A7622FF697648405F761F9F
:2048A400174C1A3C00011A3C00021A3C00041A3C00088F05D1B692C460098F007BDD761FD4
:2048B4001746A836A838A83AA83C761F174C183CFFFE183CFFFD183CFFFB183CFFF7761A42
:2048C4009A01D400D5019B28FF697648325C7622761F174C1A2200081A2200101A2200209C
:2048D4001A2300011A2400011A240002020F761F17431E2C1E208F070000A83202031E24C8
:2048E4008F000FFFA816023F1E1802071E1A02031E1E02071E2202031E2602FF1E2E761AF1
:2048F4007622761F1748182CFFF8761A3B1076260000762F0000FF6976484D6076484D885B
:2049040076483BE2764849EE7622761F1743182CFFFD182CFFFB1816FFFE1816FFFD18163B
:20491400FFFB1816FFF71816FFEF1816FFDF1820FFFE1822FFFE1822FFFD761AFF697648E5
:204924004B5076484B8B7648423A76484AD97622761F174C1A2600011A2600021A260004D2
:204934001A2600081A2600101A2600201823FFFB761AFF6976484B377622761F01F00200DE
:204944001E021E04761F01F11E021E04761F01F21E021E04761F01F31E021E04761F01F429
:204954001E021E04761F01F51E02761AFF690006FE021E4276484D0D761F03A7E203003884
:2049640076484D26761F03A7E203003E76484C98761F03A7E203003476484CB1761F03A7AC
:20497400E203003A76484CBA761F03A7E203003676484CD3761F03A7E203003CFE82000623
:20498400FE04E2030044761F03A7E2AF0034E2AF0144E6940001AD146107E2AF0036E69429
:204994000001AD1460039A016F029A00FE840006FE04E2030044761F03A7E2AF003AE2AFEA
:2049A4000144E6940001AD146107E2AF003CE6940001AD1460039A016F029A00FE84000670
:2049B400FE0AE20300422B4502201E440F446005764849D796456F1506421E4A2BAB28AA73
:2049C4007FF0BE000648900018A87FF00FAB60080648910FFF586003064A6102BE017E459A
:2049D4009245FE8A0006FE04E203004206421E442BAB28AA7F80BE000644900018A87F808D
:2049E4000FAB60060644917FFF586102BE0192A6FE8400068F000C00761F03A7A804020078
:2049F400761F003019011E022B062B071A0400101A0400200200761F03A71E068F000C08CD
:204A0400A80C8F000C10A814761F003019011E0A761F0030020019011E12761F00302B0E61
:204A14002B0F761F00302B162B17761F00301A0C0010761F00301A140010761F00301A0C17
:204A24000020761F00301A140020761F03A702001E0E1E160006FE08E2030146E20300443D
:204A3400A84206441EE48A4206461EF4E2AF0044E2AF0146E70000087700E688000077000A
:204A4400E20300488A428AC4064819011ED48A428AC42BF48A428AC42BFC8A428AC41AE41F
:204A540000108A428AC41AE400208A428AC418E4FBFF8A428AC418E4F7FF8A428AC41AE4C6
:204A640040008A4202001ED4FE880006FE06E2030144E2030042291002001E46761F03A872
:204A7400FF2004250F04600E8F00036E761F03A8A8A90F066107020107461E46A8A90F0631
:204A840060FB3B10E8024BA0E2AF01428F00E9C4FF69E8092000E302084476484A2F761F11
:204A940000301804FFEF7622761F00358F084C4EA80C761A761F00331A2200407623000113
:204AA400FF69FE860006761F00301A04001000063B107622761F00331A220040761A291017
:204AB400FF690006FE022B413B109A00761F003346226C029A01964176221822FFBFF60588
:204AC4007700762FFFFE56BF0121761A2910FF69FE820006FE0296419241610476484AAC08
:204AD4006F0376484AB6FE8200067622761F17481826FFFC761F01F01820FFFCCC06FFFCC1
:204AE400500196061820FFF3CC06FFF3500496061820FFCFCC06FFCF501096061820FF3FCF
:204AF400CC06FF3F504096061820FCFFCC06FCFF1AA9010096061820F3FFCC06F3FF1AA955
:204B0400040096061820CFFFCC06CFFF1AA91000960618203FFFCC063FFF1AA940009606B7
:204B14001821FFFCCC07FFFC500196071821FFF3CC07FFF3500496071821FFCFCC07FFCF08
:204B2400501096071821FF3FCC07FF3F50409607761AFF6900067622761F174C1A230004F0
:204B3400761AFF6900067622761F01E51801E7FF1800FFF81800FFC71800FE3F761AFF6917
:204B44000006FE028F007029A842762256BF68C4761AFF69FE8200067622761F174C1A3008
:204B540000017700761F01C81800FF7F1800FFBF1800FFDF1800FFEF1800FFF71A000007D4
:204B64001801FFBF1A0100201A0100021A0100011802FF00CC03FF00500196031A0F0018D4
:204B7400180CBFFF180CDFFF1A0A80001A0A40001A0A20001A0B20001A0B0020CC0BFFE0B1
:204B84005004960B1A010040761AFF6900067622761F01F11A0300C0180CF7FF1A2100C0B2
:204B94001A0700C0180CFBFF1A2100301A070030761AFF690006FE02BFA60F1228AC0017D7
:204BA40006A656109B0090FF197F1EA702170FA7620702800FA76047E71000006F4406A7EA
:204BB40064252DA728A9FFFF9B7FA3A656108AA9CEABCFAAFF58A8AB6136E8038A49E80FD1
:204BC4009651E71000407700E5A0AD14652506A663069A009B805610560100A6A9A9FF5599
:204BD400FF5A06A6CEABCFAA6F16E8038A49E80F9651E71000407700E5A0AD14650D06A697
:204BE400630918A87FFFFF5861079A0028A8BF806F0202001EA606A6BDA90F127700770047
:204BF40077007700FE82000628AD0122FF69561F5616561AE61002002940761F000029025B
:204C0400761B76484E3252006142762228A96EC828A800080901611B76C86EC829046F0FB0
:204C14009B0024A9DF016C04290424A8DF011EA6F7A1248606A781A109011EA724A9630318
:204C2400FF5C3B0459A9DF010009FFEC28A9FFFF28A8FFFF090161058F3FFFFF76484DAE6E
:204C3400761A76484E3428A9FFFF28A8FFFF0901610E76FFFFFF6F06DF01C3BD1EA73E67C8
:204C4400C5BE24A9DF0124A8FF5860F776484E0176484D39761BFFF00005ABBDA8BDA0BDA6
:204C5400C2BDC3BDE20000BDE20300BDE20301BDE20302BDE20303BDE6300600FE02FF6990
:204C640029425616761F003392229641923296421822FFBF1832FFFEF6057700762FFEFE18
:204C740028210101762300012910FF69764846F63B10761F00339241962292429632FE82E6
:204C8400E2AF03BEE2AF02BEE2AF01BEE2AF00BEE28000BEC5BEC4BE83BE8ABE87BE0003D8
:204C94003B30FFF176177602FE0802201E42E590E20300440F42600676484CB1E2030044DF
:204CA4006F099A0028A87FF01E4602001E4806481E44E2AF0044FE880006FE029A0028A858
:204CB4007F801E42E2AF0042FE820006FE0802201E42E590E20300440F42600676484CD36E
:204CC400E20300446F093B01FF2FFFE01E4602001E4806481E44E2AF0044FE880006FE0209
:204CD4003B01FF2FFF001E42E2AF0042FE820006761F03A8921F600776483E66761F03A8A4
:204CE40056BF011F0006FE089647FFC429018F007F00FF81560301A9560100A4A84202012C
:204CF4001EA69247901F2DA906A6563B1E461E441EF4FE880006FE047D447C4397429641AB
:204D040076483EA6924193445C4776483F32FE840006FE0802201E42E590E20300440F4272
:204D1400600676484D26E20300446F093B01FF2FFFF01E4602001E4806481E44E2AF00449D
:204D2400FE880006FE025CAD8F486E600202DC825CA476484DD23B01FF2FFF801E42E2AF1C
:204D34000042FE82000677006F00B2BD761F03A859A99208610D28ABFFFF28AAFFFF28A986
:204D4400FFFF28A8FFFF0FAB6103767FFFFF761F03A8C5203E67761F03A8060C61041EA72C
:204D540092A13E67761F03A8060A61031EA73E6776484D378BBE00063B10761F003318206D
:204D6400FFFE2B222B242B262B282B2A2B2C2B2E2B302B322B342B362B382B232B252B2722
:204D74002B292B2B2B2D2B2F2B312B332B352B372B39FF690006761F00331A200001282129
:204D8400FFFF2910FF690006FE068F086C44A8428F000D00A844020607421E4202060744A9
:204D94001E4476222B45924552DD670D83448A42A0A9C4840902A8421E44C2C50A459245F3
:204DA40052DD68F5761A761F00331A200001FF69FE860006B2BDAABDA2BDFE0882A4D100AC
:204DB4005ACB6F155CAD2901560303A107A3DC8809025CA483A9020876484DD2064261062B
:204DC4008A44834676484DD25ACBD90192A254A166EAFE8882BE86BE8BBE00065200A8ABE5
:204DD400C5A4610788A9DE815C857C87000EFFFE88A90FA6610F5300610D9DFF5CA876BF83
:204DE400FFFE92859687000EFFFE92859687000CFFF8A9A40006761F03A892246005760810
:204DF400293092BE6F020B24000676083B3092BE761F03A8900172240006020028ABFFFFD7
:204E040028AAFFFF19010FAB60049A00D4006F05A9A492C4A9A4DC02764847780006761FBE
:204E140003A8A8220006761F03A8A82000060006561F7622B9C028290068761A00484BF895
:204E24009CFF56C80005C5A5F7A924840006FF58C4A4610419017D8660FE00069A010006B2
:024E3400000676
:204E3800E20304BDE20305BDE20306BDE20307BDFE1C761F0385060E761F03941E3AE2AF5C
:204E4800003AE6950000E203003CE801EE609A00E2AF013CE80E6668E6940001AD1465026E
:204E58009A01761F039B960D9B00520061029B01761F039C97089208761F03879607E801CB
:204E6800E300761F0394E2AF013AE80A6030E70000087700E203003E761F0381063C761F54
:204E780003951E00761F039C56BF0109761F0386923E761F039C96156107761F0394063E6C
:204E8800761F03991E36761F0399E2AF0036761F0395E2AF0100E7100040761F0399E20381
:204E9800003076484B9FE68C0000761F039BE2130022E2C80022761F0399E2030032E2AFC1
:204EA8000130E72000087700E2030034761F038656BF013E761F0381063E761F03951E02FE
:204EB800761F03820600761F03951E04761F03820602761F03951E06761F03820604761F3F
:204EC80003951E08761F03879206761F039C96119A00BE009311530061029A015200600279
:204ED800BE017E12761F03820606761F03981E06761F03820608761F03981E08E801FB4847
:204EE800E2AF0108E80FBB28E70000087700E203000A9A00761F0380BE00931A530160020E
:204EF8009A01761F039C54126107761F0380921A52036102BE017E5192516005761F039C77
:204F080092126106E590761F0382E203000A761F039C9212761F0380961A761F0382060A36
:204F1800761F03981E0C761F0395E2AF0006761F0398E2AF010CE72000087700E203000E14
:204F2800E2AF0106E2AF000AE7200008E2AF070EE71001C07700E2030010E80205D0E2AF0D
:204F38000110E80A53E0E70000087700E20300129A00BE00761F0380931B530160029A0157
:204F4800761F039C54126107761F0380921B52036102BE017E5192516005761F039C92121C
:204F58006106E590761F0382E203000C761F039C9212761F0380961B761F0382060C761FF0
:204F680003981E14E2AF0012E2AF0114E71000407700E2030016E801F290E8085658E2037C
:204F78000018E801FA58E80BEA68E203001AE801F290E8085658E2AF0116E7000040770033
:204F8800E203001C761F0382060E761F03981E1EE801FA58E80BEA68E2AF011EE70000084F
:204F98007700E2030020E2AF0120E2AF001CE71000407700E203002206221E4C9B01E80152
:204FA800E518E2AF014CE80EB850E6940001AD14630EE805E518E80EB850E6940001AD143F
:204FB8006505761F0387920A60029B00761F0387970A920A761F039C9613761F038206104E
:204FC800761F03981E24761F03820612761F03981E26E801FB48E2AF0126E80FBB28E7000C
:204FD80000087700E20300289A00761F0380BE00931C530160029A01761F039C54126107BB
:204FE800761F0380921C52036102BE017E5192516005761F039C92126106E590761F038287
:204FF800E2030014761F039C9212761F0380961C761F03820614761F03981E2A761F039525
:20500800E2AF0008761F0398E2AF012AE72000087700E203002CE2AF0124E2AF0028E720F6
:205018000008E2AF072CE71001C07700E203002EE80205D0E2AF012EE80A53E0E7000008D7
:205028007700E20300309A00BE00761F0380931D530160029A01761F039C54126107761FD4
:205038000380921D52036102BE017E5192516005761F039C92126106E590761F0382E203E5
:205048000016761F039C9212761F0380961D761F03820616761F03981E32E2AF0030E2AF87
:205058000132E71000407700E2030034E801F290E8085658E2030036E801FA58E80BEA689A
:20506800E2030038E801F290E8085658E2AF0134E70000407700E203003A761F0382061847
:20507800761F03981E3CE801FA58E80BEA68E2AF013CE70000087700E203003EE2AF013EE7
:20508800E2AF003AE7100040761F0399E203000006001E4C9B01E801E518E2AF014CE80E2A
:20509800B850E6940001AD14630EE805E518E80EB850E6940001AD146505761F0387920BF9
:2050A80060029B00761F0387970B920B761F039C96148F00E9628F40E01F92137648033C65
:2050B800761F03A592226510761F0398E2AF00228F00E642761F03998F40E644E2AF01001C
:2050C800764803626F0F761F0399E2AF00008F00E644761F03988F40E642E2AF0122764813
:2050D8000362761F03809A00931EBE00530160029A01761F039C54126107761F0380921E17
:2050E80052036102BE017E5192516005761F039C92126106E590761F0382E203001A761FB8
:2050F800039C9212761F0380961E761F0382061A761F03991E068F00E946E8020203E2AFBC
:205108000002E2AF0104E2AF020676480372E801F110761F03A5E80FCC18E2AF0112E70096
:205118000008761F0395E203000A761F0398060E1E44E2AF0044764849D752006108761FAA
:2051280003A7063E761F03991E086F20E2AF0044E5A0AD146308E805FC00761F0399E2030E
:2051380000086F149A00E5A0AD1465029A013B0185A9BDA90F127700770077007700E689AE
:205148000000761F0399E2030008E801E828E2AF0108E8092880E70000087700E203000AA8
:20515800761F0398E2AF0016761F0395E2AF0102E7200008761F0399E203000CE801F0F0A5
:20516800E2AF010CE80A7528E70000087700E203000E761F0398E801FB48E2AF010CE80FB0
:20517800BB28E7000008761F0399E2030010E2AF010EE2AF000AE7200008E2AF0110E7103C
:2051880000407700E2030012761F0398062C1E44E2AF0044764849D752006108761F03A7E8
:20519800063E761F03991E146F20E2AF0044E5A0AD146308E805FC00761F0399E203001428
:2051A8006F149A00E5A0AD1465029A013B0185A9BDA90F127700770077007700E689000046
:2051B800761F0399E2030014E801E828E2AF0114E8092880E70000087700E2030016761F7F
:2051C8000395E2AF0104761F0398E2AF0034E7200008761F0399E2030018E801F0F0E2AF0D
:2051D8000118E80A7528E70000087700E203001A761F0398E801FB48E2AF012AE80FBB28B8
:2051E800E7000008761F0399E203001CE2AF011AE2AF0016E7200008E2AF071CE71001C0B8
:2051F8007700E203001E761F03A5E8027110E2AF0112E80FCB50E70000087700E68A0000E9
:20520800761F038FE203000629018F00E0EC761F03865603013D560100A4761F038F06C44E
:205218001E0806060308761F039A1E30E2880030761F0399E2030020E8018028E80C8F18BD
:20522800E2AF0120E70000087700E2030022E801DB00E80A6030E2030024E801FBF8E8082C
:20523800FDA0E2030026E801DB00E80A6030E2AF0122E70000407700E2030028761F0382EF
:20524800061C761F03991E2AE801FBF8E808FDA0E2AF012AE70000087700E203002CE2AF7E
:20525800012CE2AF0028E71000407700E203002E062E761F03951E0C761F0399060A761F2E
:2052680003821E06761F0398060E761F03821E08761F03990612761F03821E0A761F03983E
:205278000616761F03821E0C761F03980622761F03821E0E761F03990616761F03821E1083
:20528800761F0398062C761F03821E12761F0399061E761F03821E14761F03980634761FBA
:2052980003821E16761F03990600761F03821E18761F0399062E761F03821E1A761F038FD8
:2052A800C406761F03868F00E0EC5603013D560100A4C2C4923D522267030A3D6F022B3DBE
:2052B800761F0399062E761F03821E1C761F039B920D6106761F0395060A1E0E6F07761F70
:2052C80003990634761F03951E0E761F03869237761F039B960E761F03869238761F039BBE
:2052D800960F761F002D9200761F039B9610761F002C9220761F039B96110E10761F039A47
:2052E8001E28761F039B0E11761F039A1E2A0628761F039B010E761F039A1E2C062A761FE3
:2052F800039B010F761F039A1E2EE801D200E288012CE8086008E70000087700E203004431
:20530800761F039506441E10E8020B20E2AF0144E80C9248E70000407700E2030044064416
:205318001E14E801E9F8E2AF0144E8092C60E70000087700E2030018761F039AE801D200D6
:20532800E288012EE8086008E70000087700E2030044761F039506441E12E8020B20E2AF98
:205338000144E80C9248E70000407700E203004406441E16E801E9F8E2AF0144E8092C60E0
:20534800E70000087700E203001A8F00E9BCE2AF011AE2AF001876480071761F039B56BFE0
:205358000312761F03959A00E2AF000EE5A0AD1463029A01761F039C960A761F039B9613C4
:20536800520061088F00E55C8F40E968764803026F078F00E55C8F40E96476480320761FDF
:205378000395E2AF001CE85112007700E203001EE68E0000761F039BE21300140E1409012F
:205388001E4E761F038E1E223B018F0864705603014E560100A4761F039506C41E20761F1F
:20539800039B0E141E4E761F038E1E248F0864705603014E560100A4761F039506C41E221C
:2053A800761F039B0E1409C91E4E761F038E1E268F0864705603014E560100A4761F0395AD
:2053B80006C41E24761F039B0E1409C81E4E761F038E1E288F0864705603014E560100A4BD
:2053C800761F039506C41E26E2AF0120E2AF0022E72000087700E2030028761F039BE2C4B9
:2053D8000014761F0395E203002AE2AF011EE72000087700E203002CE2AF012CE2AF0028A7
:2053E800E70000087700E203002EE2AF0122E71000407700E2030030E2AF0124E2AF002648
:2053F800E72000087700E2030032E2AF012CE70000087700E2030034E2AF0126E7100040CC
:205408007700E2030036761F03A78F00E96CE2AF0102E2AF0000761F0395E2AF0230E2AF29
:2054180003367648029A761F03879207761F039C960BFFE1020E761F0395E8022C00E2AF90
:20542800010CE80AC000E7000008761F0399E2030038E801EEB0E2AF0138E80BBA80E70003
:2054380000087700E203003AE85020007700E203003C761F03A5E8020D58E2AF013CE80B79
:205448006DB8E7000008761F0399E203003E761F03A5E8020D58E2AF013EE80B6DB8E70081
:205458000008761F039AE2030000761F0382061E761F039A1E02761F03820620761F039A13
:205468001E04761F038FE8020D58E2AF0110E80B6DB8E7000008761F039AE2030006761F31
:20547800038FE8020D58E2AF0112E80B6DB8E7000008761F039AE2030008761F0382062227
:20548800761F039A1E0A761F03820624761F039A1E0C761F038EE801F4C8E80CCCD0E203CA
:205498000000E801F4C8E80CCCD0E2030002E801F998E8099998E2030004E801F998E809E8
:2054A8009998E2030006E801F800E2030008E801F800E203000AE801C288E80DB8B8E203AD
:2054B800000CE801F5C0E80A8F60E203000EE801CA88E80DB8B8E2030010E801CA88E80D91
:2054C800B8B8E2030012E801DE88E80C8510E2030014761F039AE2AF0008E2AF0100E72028
:2054D80000087700E2030044761F0399E2AF043E761F039AE2AF0306E2AF0102E2AF000A0D
:2054E800761F038EE7200008E3270A00E70000107700E72000087700E2030046761F039A0A
:2054F800E2AF000CE2AF0104761F038EE7200008E2AF0702E7000038E2AF0644E720003061
:205508007700E2030048E590E203004AE2AF0046E6950000E203004CE2AF0008E2AF010C81
:20551800E7000008E2AF054CE6940005AD146519E2AF000CE2AF0110E2AF0208E2740008AC
:20552800E2AF030CE700009BE2AF074CE327CE04E70000307700E70000087700E203004A5E
:20553800E2AF0048E6950000E203004CE2AF010CE2AF000AE7000008E2AF074CE694000741
:20554800AD146519E2AF000CE2AF0112E2AF020AE2740008E2AF030CE700009B7700E32725
:20555800CE06E70000307700E70000087700E203004C6F04E590E203004CE2AF020CE2AFF1
:205568000310E2AF0600E2AF0012761F0399E2AF013C761F038EE274009DE8AFE036E2AF80
:20557800070E761F039AE7000008E30F0B00761F0399E7000018E7000172E320473EE700E7
:2055880000B97700E7100040E2AF044AE7100100761F039AE2030016761F038EE2AF040CD1
:20559800E2AF0010761F0399E2AF013C761F038EE2AF020E761F039AE2AF0300761F038EA0
:2055A800E2AF0512761F0399E274012EE2AF043E761F038EE2AF0702E3004514E004D75C9F
:2055B800761F0399E301035CE8AFE01BE314073CE30F6744E70001B9E7100100E70000591D
:2055C8007700E7100040E2AF054CE7100140761F039AE203001806461E1A06481E1CE801D7
:2055D800EC98E80E69D0E2AF0116E70000087700E203000E060E1E4CE811FC00AD14650660
:2055E800E801FC00E20300106F0BE815FC00AD146306E805FC00E20300106F021E10E801C6
:2055F800EC98E2AF0118E80E69D0E70000087700E203001206121E4CE811FC00AD14650636
:20560800E801FC00E20300146F0BE815FC00AD146306E805FC00E20300146F021E14761FED
:205618000399063E761F03821E1E761F039A0600761F03821E20761F039A0606761F038254
:205628001E22761F039A0608761F03821E24761F03879207761F039C960C6108761F039A5D
:205638000614761F03951E386F06E590761F0395E2030038761F03879207761F039C960DF2
:205648006108761F039A0610761F03951E3A6F09E801EFA8761F0395E80E1478E203003A46
:20565800E801FB98E8099998E203003CE801FB38E80851E8E203003EE2AF013AE2AF003A74
:20566800E7000008761F0396E2030000761F0395E2AF0138E2AF0038E7000008761F039643
:20567800E2030002E2AF0102E2AF0000E71000407700E203000428420A3DE801FB9B761FAA
:2056880003958F00E5868F40E99428413F67E809999BE2AF0138E2AF003A761F0396E2AF9C
:205698000204764801BE761F03879207761F039C960E761F0385060E761F03961E0A761FC3
:2056A80003879207761F039C960F761F03968F00E980E2AF0006E2AF0108761F0395E2AFD1
:2056B8000230E2AF033676480230761F0386922A761F039B9615761F21B9E2AF001E761F7B
:2056C80003A5E2AF013CE7000008761F0396E203000C761F21B9E2AF011CE7100040761F55
:2056D8000396E203000E761F03A5E2AF013EE7000008761F0396E2030010E8503000770028
:2056E800E2030012761F0395E2AF010CE7000008761F0396E2030014E801FA58E80A27284E
:2056F800E2AF0114E70000087700E2030016761F0385060E761F03961E18761F038F0610B9
:20570800761F03961E1A761F03A5063C761F03961E1C06061E1E761F038F0612761F03967F
:205718001E20761F03A5063E761F03961E2206081E2406121E2606161E28761F0395060CF7
:20572800761F03961E2A761F03950618761F03961E2C761F0395061A761F03961E2E761FCC
:205738000395060A761F03961E302B4F924F520663163B015C4F5603014F8F40E3D4560194
:2057480000A5DC0CC4C5560301A48F00E59A560100A4C2C40A4F924F520664ED761F038F94
:205758000620761F03961E3E761F038F0622761F03971E00761F038F0624761F03971E0245
:20576800761F038F0626761F03971E04761F038F0628761F03971E06761F038F062A761FE9
:2057780003971E08761F03960618761F03971E0A761F03869239761F039B96166F5156BF11
:20578800191756BF15186F5B56BF191756BF09186F5656BF011756BF02186F5156BF041739
:2057980056BF05186F4C56BF031756BF06186F4756BF0A1756BF0B186F4256BF081756BF84
:2057A80007186F3D56BF0D1756BF0E186F3856BF101756BF11186F3356BF0F1756BF121865
:2057B8006F2E56BF161756BF17186F2956BF141756BF13186F2456BF081756BF14186F1F00
:2057C80056BF071756BF13186F1A56BF0C1756BF18186F1556BF0A1756BF16186F10520E6C
:2057D800881666F976C86E8C290106A7560401A61EA724A9DF0124A81EA7762092173B0126
:2057E8008F00E59A9CFF560301A9560100A4761F039706C41E0C761F039B92189CFF8F00D0
:2057F800E59A560301A9560100A4761F039706C41E0E02001E562B598F00E3AAA85856BFC4
:2058080004598F40E5CC065607588AA90E5976484DD2761F039B9215602028A9535328A8D0
:205818005353761F038E1E2E062A1E4E761F038F1E02761F038E1E30062C1E4E761F038F3C
:205828001E04761F038E1E32761F21B902010702761F038E1E346F3228A902575415601C25
:20583800761F038E062A1E4E1E3E1E2E062C1E4E761F038F1E00761F038E1E3028A9454534
:2058480028A845451E32761F21B902010702761F038E1E346F13761F038E062A1E4E1E3A07
:205858001E2E062C1E4E1E3C1E3002001E32761F21B90602761F038E1E3456BF014F924F17
:20586800761F039B96213B018F00E3AE9CFF560301A9560100A4761F038E06C41E36761F68
:2058780003A8920E5201611056BF010E2B552B562B579A048F00E3B69B04764840AA965661
:20588800761F03A82B0E761F038E3B010634761F039BAE21761F038E1E380A4F063860D0A6
:20589800761F039B92159C0196191B19025769032B1A6F02961A761F03879206761F039C80
:2058A8009610E2C40010761F0397E203001006101E12E5A0AD146106761F01FC1A1B100096
:2058B8006F05761F01FC1A1D1000761F0397E2AF0010E811F800AD14FFE40144761F03A69B
:2058C800E801FAE8E2AF0112E80D9EB8E7000008761F0397E203001E761F03A6E2AF001006
:2058D800E84FC000761F0397E2030020E8C00001E2AF071EE72001C87700E2030022E2AF47
:2058E8000020E2AF011EE72000087700E2030024761F03A606101E4C761F039706241E44C8
:2058F800E2AF014CE6940001AD146505764849D752006103064C1E44761F039706221E4C03
:20590800E2AF0144E2AF004CE6940001AD146507764849D752006003064C1E440644761FFE
:2059180003971E26761F03A606101E4C761F039706241E44E2AF0044E2AF014CE6940001EA
:20592800AD146305764849D752006103064C1E44761F039706221E4CE2AF0144E2AF004C7A
:20593800E6940001AD146307764849D752006003064C1E440644761F03971E28E2AF0028EA
:20594800E2AF0126E71000407700E203002AE86FC0007700E203002C761F03A6E2AF00104C
:20595800761F0397E2AF012CE71000407700E203002EE2AF0122E2AF002CE7100040770062
:20596800E2030030E2AF012CE2AF0024E71000407700E2030032E801FC98E80E69D0E2AF95
:20597800012EE70000087700E2030034E801FC98E80E69D0E2AF0132E70000087700E203A6
:205988000036E801FC98E80E69D0E2AF0130E70000087700E2030038E2AF0034E84FC0001C
:205998007700E203004406441E3AE88FC0007700E20300440644761F03981E00E8022CE048
:2059A800E2AF0144E80A0000E70000087700E68E00007700E2130050761F039B9250961EB8
:2059B800961B761F0397E2AF0036E84FC0007700E203004406441E3CE88FC0007700E2035A
:2059C8000044761F039806441E02E8022CE0E2AF0144E80A0000E70000087700E68E000049
:2059D8007700E2130050761F039B9250961F961C761F0397E2AF0038E84FC0007700E2032C
:2059E800004406441E3EE88FC0007700E2030044761F039806441E04E8022CE0E80A00005A
:2059F800E2AF0144E70000087700E68E00007700E2130050761F039B92509620961D6F0630
:205A0800761F039B2B1B2B1C2B1D761F010192239652761F039B921B761F0101962B761F75
:205A1800010592239653761F039B921C761F0105962B761F010992239654761F039B921D6D
:205A2800761F0109962B761F0395060C761F03971E14761F03A60610761F03971E16761F12
:205A380003A60612761F03971E18761F03A70600761F03971E1A761F03A70602761F039706
:205A48001E1C761F03990634761F03811E3C761F03970616761F03811E3E761F0397061819
:205A5800761F03821E00761F0397061A761F03821E02761F0397061C761F03821E04761F4B
:205A6800039B921A761F0386962AFE9CE2AF07BEE2AF06BEE2AF05BEE2AF04BE0006761F6F
:205A780003872B0C0006FE0E761F03879207761F039C9603761F03879206761F039C960431
:205A88009B00920352006104920461029B0197059A005300BE0061029A0152006002BE01CA
:205A98007E0692066104761F03872B05761F039C92056137761F0387920C600AE590761F8A
:205AA8000381E203003A761F038756BF010C761F0381063A761F03941E36E2AF0036E88FE3
:205AB800E0007700E20300389A00E80238E0E2AF0138E80A0000E6940001AD1465029A01C4
:205AC800761F039C960752006105761F038756BF0105761F03940638761F03811E3A6F04AD
:205AD800761F03872B0C761F0386923B761F039B9600761F0386923A761F039B9601761F5B
:205AE800002D9201761F039B9602761F002C9221761F039B96030E02761F039A1E1E761FC0
:205AF800039B0E03761F039A1E20061E761F039B0100761F039A1E220620761F039B01014A
:205B0800761F039A1E24E801D200E2880122E8086008E70000087700E2030044761F0390B2
:205B180006441E0EE8020B20E2AF0144E80C9248E70000407700E203004406441E12E80114
:205B2800E9F8E2AF0144E8092C60E70000087700E2030016761F039AE801D200E28801244C
:205B3800E8086008E70000087700E2030044761F039006441E10E8020B20E2AF0144E80CE7
:205B48009248E70000407700E203004406441E14E801E9F8E2AF0144E8092C60E700000814
:205B58007700E20300188F00E8A0E2AF0118E2AF001676480071761F03810616761F0390C5
:205B68001E1A761F03810618761F03901E1C761F0381061A761F03901E1E761F0381061C74
:205B7800761F03901E20761F03879206761F039B963F9A00BE00933F530061029A0152001B
:205B88006002BE01761F039C7E00761F03810622761F03931E0C761F03810624761F039326
:205B98001E0EE801FB48E2AF010EE80FBB28E70000087700E20300109A00761F0380BE0050
:205BA8009310530160029A01761F039C54006107761F0380921052036102BE017E4A924A24
:205BB8006005761F039C92006106E590761F0381E2030026761F039C9200761F038096101E
:205BC800761F03810626761F03931E12761F0390E2AF001E761F0393E2AF0112E720000868
:205BD8007700E2030014E2AF010CE2AF0010E7200008E2AF0314E71000C07700E20300161E
:205BE800E80205D0E2AF0116E80A53E0E70000087700E20300189A00BE00761F038093119A
:205BF800530160029A01761F039C54006107761F0380921152036102BE017E4A924A600511
:205C0800761F039C92006106E590761F0381E2030028761F039C9200761F03809611761F9A
:205C180003810628761F03931E1AE2AF0018E2AF011AE71000407700E203001CE801F290E8
:205C2800E8085658E203001EE801FA58E80BEA68E2030020E801F290E8085658E2AF011C7F
:205C3800E70000407700E2030022761F0381062A761F03931E24E801FA58E80BEA68E2AFE0
:205C48000124E70000087700E2030026E2AF0126E2AF0022E71000407700E2030028062852
:205C58001E449B01E801E518E2AF0144E80EB850E6940001AD14630EE805E518E80EB850DF
:205C6800E6940001AD146505761F0387920860029B00761F038797089208761F039C96019D
:205C7800761F0381062C761F03931E2A761F0381062E761F03931E2CE801FB48E2AF012CA2
:205C8800E80FBB28E70000087700E203002E9A00761F0380BE009312530160029A01761FAE
:205C9800039C54006107761F0380921252036102BE017E4A924A6005761F039C9200610628
:205CA800E590761F0381E2030030761F039C9200761F03809612761F03810630761F039339
:205CB8001E30761F0390E2AF0020761F0393E2AF0130E72000087700E2030032E2AF012A5F
:205CC800E2AF002EE7200008E2AF0332E71000C07700E2030034E80205D0E2AF0134E80A6A
:205CD80053E0E70000087700E20300369A00BE00761F03809313530160029A01761F039C5D
:205CE80054006107761F0380921352036102BE017E4A924A6005761F039C92006106E59001
:205CF800761F0381E2030032761F039C9200761F03809613761F03810632761F03931E3803
:205D0800E2AF0036E2AF0138E71000407700E203003AE801F290E8085658E203003CE8010A
:205D1800FA58E80BEA68E203003EE801F290E8085658E2AF013AE7000040761F0394E203A4
:205D28000000761F03810634761F03941E02E801FA58E80BEA68E2AF0102E7000008770042
:205D3800E2030004E2AF0104E2AF0000E71000407700E203000606061E449B01E801E518B2
:205D4800E2AF0144E80EB850E6940001AD14630EE805E518E80EB850E6940001AD1465052C
:205D5800761F0387920960029B00761F038797099209761F039C96028F00E8468F40E015CD
:205D680092017648033C761F03A192066510761F0393E2AF00288F00E508761F03948F40EA
:205D7800E50AE2AF0106764803626F0F761F0394E2AF00068F00E50A761F03938F40E508BB
:205D8800E2AF012876480362761F03809A009314BE00530160029A01761F039C54006107C6
:205D9800761F0380921452036102BE017E4A924A6005761F039C92006106E590761F0381F2
:205DA800E2030036761F039C9200761F03809614761F03810636761F03941E0C8F00E82AEC
:205DB800E8020203E2AF0008E2AF010AE2AF020C76480372E801F110761F03A0E80FCC18D8
:205DC800E2AF0136E7000008761F0390E2030022761F039306141E44E2AF0044764849D77B
:205DD80052006108761F03A7063E761F03941E0E6F20E2AF0044E5A0AD146308E805FC0017
:205DE800761F0394E203000E6F149A00E5A0AD1465029A013B0185A9BDA90F127700770038
:205DF80077007700E6890000761F0394E203000EE801E828E2AF010EE8092880E7000008EE
:205E08007700E2030010761F0393E2AF001C761F0390E2AF011AE7200008761F0394E20342
:205E18000012E801F0F0E2AF0112E80A7528E70000087700E2030014761F0393E801FB48A6
:205E2800E2AF0112E80FBB28E7000008761F0394E2030016E2AF0114E2AF0010E720000870
:205E3800E2AF0116E71000407700E2030018761F039306321E44E2AF0044764849D752002D
:205E48006108761F03A7063E761F03941E1A6F20E2AF0044E5A0AD146308E805FC00761F57
:205E58000394E203001A6F149A00E5A0AD1465029A013B0185A9BDA90F12770077007700D9
:205E68007700E6890000761F0394E203001AE801E828E2AF011AE8092880E7000008770065
:205E7800E203001C761F0390E2AF011C761F0393E2AF003AE7200008761F0394E203001EFF
:205E8800E801F0F0E2AF011EE80A7528E70000087700E2030020761F0393E801FB48E2AF9F
:205E98000130E80FBB28E7000008761F0394E2030022E2AF0120E2AF001CE7200008E2AFBE
:205EA8000322E71000C07700E2030024761F03A0E8027110E2AF0136E80FCB50E700000812
:205EB8007700E68A0000761F038EE203001E29018F00E0A6761F03865603013C560100A4CC
:205EC800761F038E06C41E20061E0320761F039A1E26E2880026761F0394E2030026E8011F
:205ED8008028E80C8F18E2AF0126E70000087700E2030028E801DB00E80A6030E203002AE7
:205EE800E801FBF8E808FDA0E203002CE801DB00E80A6030E2AF0128E70000407700E2039D
:205EF800002E761F03810638761F03941E30E801FBF8E808FDA0E2AF0130E70000087700FA
:205F0800E2030032E2AF0132E2AF002EE71000407700E20300340634761F03901E24761FDF
:205F180003940610761F03811E22761F03930614761F03811E24761F03940618761F038160
:205F28001E26761F0393061C761F03811E28761F03930628761F03811E2A761F0394061C61
:205F3800761F03811E2C761F03930632761F03811E2E761F03940624761F03811E30761FCC
:205F48000393063A761F03811E32761F03940606761F03811E34761F03940634761F0381D8
:205F58001E36761F038EC41E761F03868F00E0A65603013C560100A4C2C4923C52226703D7
:205F68000A3C6F022B3C761F03940634761F03811E38761F03909A00E2AF0022E5A0AD146B
:205F780063029A01761F039B96309604520061088F00E4268F40E84C764803026F078F0057
:205F8800E4268F40E84876480320761F0390E2AF0026E85112007700E2030028E68E0000ED
:205F9800761F039BE21300050E0509011E48761F038E1E163B018F0864705603014856013F
:205FA80000A4761F039006C41E2A761F039B0E051E48761F038E1E188F08647056030148E6
:205FB800560100A4761F039006C41E2C761F039B0E0509C91E48761F038E1E1A8F0864704B
:205FC80056030148560100A4761F039006C41E2E761F039B0E0509C81E48761F038E1E1C01
:205FD8008F08647056030148560100A4761F039006C41E30E2AF012AE2AF002CE7200008D9
:205FE8007700E2030032761F039BE2C40005761F0390E2030034E2AF0128E72000087700AC
:205FF800E2030036E2AF0136E2AF0032E70000087700E2030038E2AF012CE71000407700F4
:20600800E203003AE2AF012EE2AF0030E72000087700E203003CE2AF0136E7000008770003
:20601800E203003EE2AF0130E7100040761F0391E2030000761F03A2E2AF0126E2AF002497
:20602800761F03908F00E850E2AF023A761F0391E2AF03007648029A761F21B9E2AF001075
:20603800761F03A1E2AF0120E7000008761F0391E2030002761F21B9E2AF010EE710004018
:20604800761F0391E2030004761F03A1E2AF0122E7000008761F0391E2030006E8503000CE
:206058007700E203000806081E0A761F0390E2AF0124761F0391E2AF0008E7000008770088
:20606800E203000CE801FA58E80A2728E2AF010CE70000087700E203000E060E1E10761FDD
:2060780003900624761F03911E12761F03900616761F03911E14761F03900618761F0391E4
:206088001E16761F03900622761F03911E18761F039B56BF0306761F03A1E2AF0022761F43
:20609800038FE2AF012EE7200008761F0391E203001AE801FE28E80F96E0E2AF011AE70050
:2060A80000407700E203001C761F03879205761F039B96319A00BE009331530061029A0103
:2060B80052006002BE017E32E590761F0391E203001E761F039B92326005761F0386923FB9
:2060C8006105761F0381E203001E761F0381061E761F03911E20E2AF001CE2AF0120E7103C
:2060D80000407700E203002206221E46E811FC00AD146506E801FC00E20300246F0BE815D8
:2060E800FC00AD146306E805FC00E20300246F021E24761F03A1E2AF0020761F038FE2AF2B
:2060F800012CE7200008761F0391E2030026E801FE28E2AF0126E80F96E0E7000040770046
:20610800E20300289A00761F039BBE009331530061029A0152006002BE017E33E590761F9C
:206118000391E203002A761F039B92336005761F038792006105761F0381E2030020761F9D
:2061280003810620761F03911E2CE2AF0028E2AF012CE71000407700E203002E062E1E466A
:20613800E811FC00AD146506E801FC00E20300306F0BE815FC00AD146306E805FC00E203C1
:2061480000306F021E30E801FB98E8099998E2030032E801FB38E80851E8E2030034E2AFA4
:206158000130E2AF0030E70000087700E2030036E2AF0124E2AF0024E70000087700E203FE
:206168000038E2AF0138E2AF0036E71000407700E203003A28420A3DE801FB9B8F00E47C62
:206178008F40E87828413F67E809999BE2AF023AE2AF0124E2AF0030764801BE761F038FBC
:20618800062C761F03921E00761F03A10620761F03921E02761F0391063C761F03921E041D
:20619800761F038F062E761F03921E06761F03A10622761F03921E08761F0391063E761F8B
:2061A80003921E0A761F0391E2AF002EE811FC00AD146508E8AFE000761F0392E203000C7D
:2061B8006F11E815FC00AD146407E590761F0392E203000C6F07E88FE000761F0392E203B6
:2061C800000C9A00E5A0AD1461029A01761F039B9634E5A09A00AD1465029A0196355200D1
:2061D800610456BF01236F032823FFFF761F0391E801F080E2AF0126E809E8A0E700004074
:2061E800761F0392E203000E9A00E5A0AD1465029A01761F039B96365200610456BF0124A8
:2061F8006F032824FFFF92249B00542360029B0197379B00923452006104923761029B0157
:20620800973892386107E590761F0392E20300106F05761F0392060E1E10761F0391E2AF47
:206218000022E811FC00AD146508E8AFE000761F0392E20300126F11E815FC00AD146407E4
:20622800E590761F0392E20300126F07E88FE000761F0392E20300129A00E5A0AD1461028F
:206238009A01761F039B9639E5A09A00AD1465029A01963A5200610456BF01256F03282546
:20624800FFFF761F0391E801F080E2AF011AE809E8A0E7000040761F0392E20300149A00AD
:20625800E5A0AD1465029A01761F039B963B5200610456BF01266F032826FFFF92269B00D6
:20626800542560029B01973C9B00923952006104923C61029B01973D923D6107E590761FCD
:206278000392E20300166F05761F039206141E16761F0391E2AF003CE2AF013E761F03909C
:206288008F00E864E2AF023A761F0391E2AF030076480230761F03879205761F039B963EE4
:20629800E2C4003E761F0392E203001806181E1AE5A0AD146106761F01FC1A0304006F05B1
:2062A800761F01FC1A050400761F0392E2AF0018E811F800AD14FFE40144761F03A1E80152
:2062B800FAE8E2AF0136E80D9EB8E7000008761F0392E2030024761F03A1E2AF0034E84F7A
:2062C800C000761F0392E2030026E8C00001E2AF0324E72000C87700E2030028E2AF002656
:2062D800E2AF0124E72000087700E203002A761F03A106341E46761F0392062A1E44E2AF37
:2062E8000146E6940001AD146505764849D75200610306461E44761F039206281E46E2AF1A
:2062F8000144E2AF0046E6940001AD146507764849D75200600306461E440644761F03920D
:206308001E2C761F03A106341E46761F0392062A1E44E2AF0044E2AF0146E6940001AD14AF
:206318006305764849D75200610306461E44761F039206281E46E2AF0144E2AF0046E694D8
:206328000001AD146307764849D75200600306461E440644761F03921E2EE2AF002EE2AFD8
:20633800012CE71000407700E2030030E86FC0007700E2030032761F03A1E2AF0034761F1D
:206348000392E2AF0132E71000407700E2030034E2AF0128E2AF0032E71000407700E20305
:206358000036E2AF0132E2AF002AE71000407700E2030038E801FC98E80E69D0E2AF013433
:20636800E70000087700E203003AE801FC98E80E69D0E2AF0138E70000087700E203003C93
:20637800E801FC98E80E69D0E2AF0136E70000087700E203003EE2AF003AE84FC0007700CF
:20638800E20300440644761F03931E00E88FC0007700E203004406441E06E8022CE0E2AF6D
:206398000144E80A0000E70000087700E68E00007700E2130049761F039B9249960A9607D4
:2063A800761F0392E2AF003CE84FC0007700E2030044761F039306441E02E88FC000770004
:2063B800E203004406441E08E8022CE0E2AF0144E80A0000E70000087700E68E000077001D
:2063C800E2130049761F039B9249960B9608761F0392E2AF003EE84FC0007700E20300449A
:2063D800761F039306441E04E88FC0007700E203004406441E0AE8022CE0E80A0000E2AF4C
:2063E8000144E70000087700E68E00007700E2130049761F039B9249960C96096F06761F68
:2063F800039B2B072B082B09761F010D9223964B761F039B9207761F010D962B761F01113E
:206408009223964C761F039B9208761F0111962B761F01159223964D761F039B9209761F02
:206418000115962B761F03A10634761F03921E1C761F03A10636761F03921E1E761F03A2A1
:206428000624761F03921E20761F03A20626761F03921E22061C761F03811E16761F039259
:20643800061E761F03811E18761F03920620761F03811E1A761F03920622761F03811E1C8B
:20644800E2AF001E761F0392E2AF0116E7100040761F0381E203001E761F039B9232761FD4
:206458000386963F761F0392E2AF0110761F0381E2AF0020E71000407700E2030020761FE8
:0E646800039B9233761F03879600FE8E00067C
:2064700000000000ADA63C00ACA23C8000683CC1A8913D00CEE73D20F2B23D4013713D6143
:2064800098513D80A4E23D90AF2A3DA0B6E83DB0BBDC3DC0BDC53DD0BC623DE0B7723DF00E
:20649000575B3E0050F63E08486A3E103D963E18305B3E2020993E280E2F3E30F8FD3E372A
:2064A000E0E33E3FC5C23E47A7793E4F85E93E5760F13E5F38733E670C4D3E6FDC613E76AB
:2064B000A8903E7E385C3E831A5E3E87FA3E3E8AD7EC3E8EB3593E928C743E96632F3E9A9D
:2064C000377A3E9E09453EA2D8813EA5A51F3EA96F0F3EAD36413EB1FAA83EB4BC323EB8D3
:2064D0007AD23EBC36783EC0EF153EC3A49A3EC756F83ECB06203ECFB2033ED25A923ED623
:2064E000FFBE3ED9A17A3EDD3FB53EE1DA623EE471713EE804D53EEC947F3EEF20603EF325
:2064F000A86B3EF62C903EFAACC23EFD94793F00508A3F020A8B3F04C2773F0578463F07E8
:206500002BF23F09DD733F0A8CC23F0C39DA3F0EE4B23F0F8D453F11338B3F13D77F3F14C5
:2065100079183F1618513F18B5243F194F893F1BE77A3F1C7CF13F1E0FE73F20A0563F2131
:206520002E383F23B9863F24423A3F26C84E3F274BBC3F29CC7D3F2A4A8C3F2CC5E33F2D1E
:206530003E7B3F2FB44E3F3027573F3297903F3304F33F356F7A3F36D7203F373BDE3F3964
:206540009DB03F3AFC8F3F3B58773F3DB1603F3E07473F405A263F41A9F73F42F6B53F437C
:20655000405B3F4586E43F46CA4A3F470A883F4947993F4A81793F4BB8223F4CEB903F4D10
:206560001BBD3F4F48A53F5072433F5198923F52BB8D3F53DB313F54F7793F55105F3F57B7
:2065700025E03F5837F73F5946A03F5A51D73F5B59973F5C5DDC3F5D5EA33F5E5BE63F5F8B
:2065800055A23F604BD43F613E773F622D873F6319013F6400E13F65E5233F65C5C33F66DF
:20659000A2BF3F677C123F6851BA3F6923B23F6AF1F83F6ABC883F6B835E3F6C46793F6D07
:2065A00005D53F6EC16E3F6E79433F6F2D4F3F70DD903F708A033F7132A63F72D7763F7203
:2065B00078713F7315933F74AEDA3F7444443F75D5CF3F7563773F76ED3C3F76731B3F7755
:2065C000F5113F77731D3F78ED3C3F78636D3F79D5AE3F7943FD3F7AAE593F7A14BE3F7BD0
:2065D000772D3F7BD5A43F7B30203F7C86A13F7CD9253F7C27AA3F7D72313F7DB8B73F7D5D
:2065E000FB3B3F7D39BC3F7E743A3F7EAAB33F7EDD263F7E0B933F7F35F93F7F5C583F7FF8
:2065F0007EAE3F7F9CFB3F7FB73F3F7FCD793F7FDFA93F7FEDCF3F7FF7EA3F7FFDFB3F7F7F
:2066000000003F80FDFB3F7FF7EA3F7FEDCF3F7FDFA93F7FCD793F7FB73F3F7F9CFB3F7F99
:206610007EAE3F7F5C583F7F35F93F7F0B933F7FDD263F7EAAB33F7E743A3F7E39BC3F7ECF
:20662000FB3B3F7DB8B73F7D72313F7D27AA3F7DD9253F7C86A13F7C30203F7CD5A43F7B78
:20663000772D3F7B14BE3F7BAE593F7A43FD3F7AD5AE3F79636D3F79ED3C3F78731D3F78BD
:20664000F5113F77731B3F77ED3C3F7663773F76D5CF3F7544443F75AEDA3F7415933F74A3
:2066500078713F73D7763F7232A63F728A033F71DD903F702D4F3F7079433F6FC16E3F6E3E
:2066600005D53F6E46793F6D835E3F6CBC883F6BF1F83F6A23B23F6A51BA3F697C123F68B6
:20667000A2BF3F67C5C33F66E5233F6500E13F6519013F642D873F633E773F624BD43F617D
:2066800055A23F605BE63F5F5EA33F5E5DDC3F5D59973F5C51D73F5B46A03F5A37F73F5980
:2066900025E03F58105F3F57F7793F55DB313F54BB8D3F5398923F5272433F5148A53F5050
:2066A0001BBD3F4FEB903F4DB8223F4C81793F4B47993F4A0A883F49CA4A3F4786E43F4678
:2066B000405B3F45F6B53F43A9F73F425A263F4107473F40B1603F3E58773F3DFC8F3F3BB2
:2066C0009DB03F3A3BDE3F39D7203F376F7A3F3604F33F3597903F3327573F32B44E3F3034
:2066D0003E7B3F2FC5E33F2D4A8C3F2CCC7D3F2A4BBC3F29C84E3F27423A3F26B9863F240E
:2066E0002E383F23A0563F210FE73F207CF13F1EE77A3F1C4F893F1BB5243F1918513F187E
:2066F00079183F16D77F3F14338B3F138D453F11E4B23F0F39DA3F0E8CC23F0CDD733F0A53
:206700002BF23F0978463F07C2773F050A8B3F04508A3F0294793F00ACC23EFD2C903EFAB7
:20671000A86B3EF620603EF3947F3EEF04D53EEC71713EE8DA623EE43FB53EE1A17A3EDD7F
:20672000FFBE3ED95A923ED6B2033ED206203ECF56F83ECBA49A3EC7EF153EC336783EC042
:206730007AD23EBCBC323EB8FAA83EB436413EB16F0F3EADA51F3EA9D8813EA509453EA2A7
:20674000377A3E9E632F3E9A8C743E96B3593E92D7EC3E8EFA3E3E8A1A5E3E87385C3E8371
:20675000A8903E7EDC613E760C4D3E6F38733E6760F13E5F85E93E57A7793E4FC5C23E4744
:20676000E0E33E3FF8FD3E370E2F3E3020993E28305B3E203D963E18486A3E1050F63E0807
:20677000575B3E00B7723DF0BC623DE0BDC53DD0BBDC3DC0B6E83DB0AF2A3DA0A4E23D90D1
:2067800098513D8013713D61F2B23D40CEE73D20A8913D0000683CC1ACA23C80ADA63C008A
:206790003132250DADA6BC00ACA2BC800068BCC1A891BD00CEE7BD20F2B2BD401371BD610B
:2067A0009851BD80A4E2BD90AF2ABDA0B6E8BDB0BBDCBDC0BDC5BDD0BC62BDE0B772BDF0EB
:2067B000575BBE0050F6BE08486ABE103D96BE18305BBE202099BE280E2FBE30F8FDBE3707
:2067C000E0E3BE3FC5C2BE47A779BE4F85E9BE5760F1BE5F3873BE670C4DBE6FDC61BE7688
:2067D000A890BE7E385CBE831A5EBE87FA3EBE8AD7ECBE8EB359BE928C74BE96632FBE9A7A
:2067E000377ABE9E0945BEA2D881BEA5A51FBEA96F0FBEAD3641BEB1FAA8BEB4BC32BEB8B0
:2067F0007AD2BEBC3678BEC0EF15BEC3A49ABEC756F8BECB0620BECFB203BED25A92BED600
:20680000FFBEBED9A17ABEDD3FB5BEE1DA62BEE47171BEE804D5BEEC947FBEEF2060BEF301
:20681000A86BBEF62C90BEFAACC2BEFD9479BF00508ABF020A8BBF04C277BF057846BF07C4
:206820002BF2BF09DD73BF0A8CC2BF0C39DABF0EE4B2BF0F8D45BF11338BBF13D77FBF14A2
:206830007918BF161851BF18B524BF194F89BF1BE77ABF1C7CF1BF1E0FE7BF20A056BF210E
:206840002E38BF23B986BF24423ABF26C84EBF274BBCBF29CC7DBF2A4A8CBF2CC5E3BF2DFB
:206850003E7BBF2FB44EBF302757BF329790BF3304F3BF356F7ABF36D720BF373BDEBF3941
:206860009DB0BF3AFC8FBF3B5877BF3DB160BF3E0747BF405A26BF41A9F7BF42F6B5BF4359
:20687000405BBF4586E4BF46CA4ABF470A88BF494799BF4A8179BF4BB822BF4CEB90BF4DED
:206880001BBDBF4F48A5BF507243BF519892BF52BB8DBF53DB31BF54F779BF55105FBF5794
:2068900025E0BF5837F7BF5946A0BF5A51D7BF5B5997BF5C5DDCBF5D5EA3BF5E5BE6BF5F68
:2068A00055A2BF604BD4BF613E77BF622D87BF631901BF6400E1BF65E523BF65C5C3BF66BC
:2068B000A2BFBF677C12BF6851BABF6923B2BF6AF1F8BF6ABC88BF6B835EBF6C4679BF6DE4
:2068C00005D5BF6EC16EBF6E7943BF6F2D4FBF70DD90BF708A03BF7132A6BF72D776BF72E0
:2068D0007871BF731593BF74AEDABF744444BF75D5CFBF756377BF76ED3CBF76731BBF7732
:2068E000F511BF77731DBF78ED3CBF78636DBF79D5AEBF7943FDBF7AAE59BF7A14BEBF7BAD
:2068F000772DBF7BD5A4BF7B3020BF7C86A1BF7CD925BF7C27AABF7D7231BF7DB8B7BF7D3A
:20690000FB3BBF7D39BCBF7E743ABF7EAAB3BF7EDD26BF7E0B93BF7F35F9BF7F5C58BF7FD4
:206910007EAEBF7F9CFBBF7FB73FBF7FCD79BF7FDFA9BF7FEDCFBF7FF7EABF7FFDFBBF7F5B
:206920000000BF80FDFBBF7FF7EABF7FEDCFBF7FDFA9BF7FCD79BF7FB73FBF7F9CFBBF7F76
:206930007EAEBF7F5C58BF7F35F9BF7F0B93BF7FDD26BF7EAAB3BF7E743ABF7E39BCBF7EAC
:20694000FB3BBF7DB8B7BF7D7231BF7D27AABF7DD925BF7C86A1BF7C3020BF7CD5A4BF7B55
:20695000772DBF7B14BEBF7BAE59BF7A43FDBF7AD5AEBF79636DBF79ED3CBF78731DBF789A
:20696000F511BF77731BBF77ED3CBF766377BF76D5CFBF754444BF75AEDABF741593BF7480
:206970007871BF73D776BF7232A6BF728A03BF71DD90BF702D4FBF707943BF6FC16EBF6E1B
:2069800005D5BF6E4679BF6D835EBF6CBC88BF6BF1F8BF6A23B2BF6A51BABF697C12BF6893
:20699000A2BFBF67C5C3BF66E523BF6500E1BF651901BF642D87BF633E77BF624BD4BF615A
:2069A00055A2BF605BE6BF5F5EA3BF5E5DDCBF5D5997BF5C51D7BF5B46A0BF5A37F7BF595D
:2069B00025E0BF58105FBF57F779BF55DB31BF54BB8DBF539892BF527243BF5148A5BF502D
:2069C0001BBDBF4FEB90BF4DB822BF4C8179BF4B4799BF4A0A88BF49CA4ABF4786E4BF4655
:2069D000405BBF45F6B5BF43A9F7BF425A26BF410747BF40B160BF3E5877BF3DFC8FBF3B8F
:2069E0009DB0BF3A3BDEBF39D720BF376F7ABF3604F3BF359790BF332757BF32B44EBF3011
:2069F0003E7BBF2FC5E3BF2D4A8CBF2CCC7DBF2A4BBCBF29C84EBF27423ABF26B986BF24EB
:206A00002E38BF23A056BF210FE7BF207CF1BF1EE77ABF1C4F89BF1BB524BF191851BF185A
:206A10007918BF16D77FBF14338BBF138D45BF11E4B2BF0F39DABF0E8CC2BF0CDD73BF0A2F
:206A20002BF2BF097846BF07C277BF050A8BBF04508ABF029479BF00ACC2BEFD2C90BEFA94
:206A3000A86BBEF62060BEF3947FBEEF04D5BEEC7171BEE8DA62BEE43FB5BEE1A17ABEDD5C
:206A4000FFBEBED95A92BED6B203BED20620BECF56F8BECBA49ABEC7EF15BEC33678BEC01F
:206A50007AD2BEBCBC32BEB8FAA8BEB43641BEB16F0FBEADA51FBEA9D881BEA50945BEA284
:206A6000377ABE9E632FBE9A8C74BE96B359BE92D7ECBE8EFA3EBE8A1A5EBE87385CBE834E
:206A7000A890BE7EDC61BE760C4DBE6F3873BE6760F1BE5F85E9BE57A779BE4FC5C2BE4721
:206A8000E0E3BE3FF8FDBE370E2FBE302099BE28305BBE203D96BE18486ABE1050F6BE08E4
:206A9000575BBE00B772BDF0BC62BDE0BDC5BDD0BBDCBDC0B6E8BDB0AF2ABDA0A4E2BD90AE
:206AA0009851BD801371BD61F2B2BD40CEE7BD20A891BD000068BCC1ACA2BC80ADA6BC0067
:206AB0003132A58DADA63C00ACA23C8000683CC1A8913D00CEE73D20F2B23D4013713D6168
:206AC00098513D80A4E23D90AF2A3DA0B6E83DB0BBDC3DC0BDC53DD0BC623DE0B7723DF0C8
:206AD000575B3E0050F63E08486A3E103D963E18305B3E2020993E280E2F3E30F8FD3E37E4
:206AE000E0E33E3FC5C23E47A7793E4F85E93E5760F13E5F38733E670C4D3E6FDC613E7665
:206AF000A8903E7E385C3E831A5E3E87FA3E3E8AD7EC3E8EB3593E928C743E96632F3E9A57
:206B0000377A3E9E09453EA2D8813EA5A51F3EA96F0F3EAD36413EB1FAA83EB4BC323EB88C
:206B10007AD23EBC36783EC0EF153EC3A49A3EC756F83ECB06203ECFB2033ED25A923ED6DC
:206B2000FFBE3ED9A17A3EDD3FB53EE1DA623EE471713EE804D53EEC947F3EEF20603EF3DE
:206B3000A86B3EF62C903EFAACC23EFD94793F00508A3F020A8B3F04C2773F0578463F07A1
:206B40002BF23F09DD733F0A8CC23F0C39DA3F0EE4B23F0F8D453F11338B3F13D77F3F147F
:206B500079183F1618513F18B5243F194F893F1BE77A3F1C7CF13F1E0FE73F20A0563F21EB
:206B60002E383F23B9863F24423A3F26C84E3F274BBC3F29CC7D3F2A4A8C3F2CC5E33F2DD8
:206B70003E7B3F2FB44E3F3027573F3297903F3304F33F356F7A3F36D7203F373BDE3F391E
:206B80009DB03F3AFC8F3F3B58773F3DB1603F3E07473F405A263F41A9F73F42F6B53F4336
:206B9000405B3F4586E43F46CA4A3F470A883F4947993F4A81793F4BB8223F4CEB903F4DCA
:206BA0001BBD3F4F48A53F5072433F5198923F52BB8D3F53DB313F54F7793F55105F3F5771
:206BB00025E03F5837F73F5946A03F5A51D73F5B59973F5C5DDC3F5D5EA33F5E5BE63F5F45
:206BC00055A23F604BD43F613E773F622D873F6319013F6400E13F65E5233F65C5C33F6699
:206BD000A2BF3F677C123F6851BA3F6923B23F6AF1F83F6ABC883F6B835E3F6C46793F6DC1
:206BE00005D53F6EC16E3F6E79433F6F2D4F3F70DD903F708A033F7132A63F72D7763F72BD
:206BF00078713F7315933F74AEDA3F7444443F75D5CF3F7563773F76ED3C3F76731B3F770F
:206C0000F5113F77731D3F78ED3C3F78636D3F79D5AE3F7943FD3F7AAE593F7A14BE3F7B89
:206C1000772D3F7BD5A43F7B30203F7C86A13F7CD9253F7C27AA3F7D72313F7DB8B73F7D16
:206C2000FB3B3F7D39BC3F7E743A3F7EAAB33F7EDD263F7E0B933F7F35F93F7F5C583F7FB1
:206C30007EAE3F7F9CFB3F7FB73F3F7FCD793F7FDFA93F7FEDCF3F7FF7EA3F7FFDFB3F7F38
:206C400000003F80FDFB3F7F314A0008314A0008314A0008314A0008314A0008314A0008AD
:206C5000314A0008314A0008314A0008314A0008314A0008314A0008314A00082BE6000876
:206C60002BF000082BFA00082C0400082C0E00082C1800082C2200082C2C00082C360008DE
:206C70002C4000082C4A00082C5400082C5E00082C6800082C7200082C7C00082C8600084C
:206C80002C9000082C9A00082CA400082CAE00082CB800082CC200082CCC00082CD60008BC
:206C90002CE000082CEA00082CF400082CFE00082D0800082D1200082D1C00082D26000828
:206CA0002D3000082D3A00082D4400082D4E00082D5800082D6200082D6C00082D76000894
:206CB0002D8000082D8A00082D9400082D9E00082DA800082DB200082DBC00082DC6000804
:206CC000314A0008314A00082DD000082DDA00082DE40008314A0008314A0008314A0008F8
:206CD000314A0008314A00082DEE00082DF800082E0200082E0C00082E1600082E20000832
:206CE0002E2A00082E3400082E3E00082E4800082E5200082E5C00082E6600082E7000087C
:206CF000314A0008314A00082E7A00082E8400082E8E00082E9800082EA200082EAC0008C8
:206D00002EB600082EC000082ECA00082ED400082EDE00082EE800082EF200082EFC0008FB
:206D10002F0600082F1000082F1A00082F2400082F2E00082F3800082F4200082F4C000863
:206D20002F5600082F6000082F6A00082F7400082F7E00082F8800082F9200082F9C0008D3
:206D30002FA600082FB000082FBA00082FC400082FCE0008314A0008314A00082FD8000879
:206D40002FE200082FEC0008314A0008314A0008314A0008314A00082FF600083000000886
:206D5000300A000830140008301E00083028000830320008303C0008314A0008314A0008FB
:206D6000314A0008314A00083046000830500008305A000830640008314A0008314A0008D3
:206D7000314A0008314A0008314A0008314A0008314A0008314A0008314A0008314A0008EB
:206D8000314A0008314A0008306E000830780008314A0008314A0008314A0008314A00088B
:206D9000314A0008314A000830820008308C0008314A0008314A0008314A0008314A000853
:206DA000314A0008314A0008314A0008314A0008314A0008314A0008314A0008314A0008BB
:206DB000314A0008314A0008314A0008314A0008314A0008314A0008314A0008314A0008AB
:206DC00030960008314A0008314A0008314A0008314A0008314A0008314A0008314A000850
:206DD00030A00008314A000830AA000830B4000830BE000830C8000830D2000830DC000866
:206DE00030E6000830F00008314A0008314A0008314A0008314A0008314A0008314A00083B
:206DF000314A0008314A000830FA000831040008310E00083118000831220008312C0008B6
:206E00003136000831400008F24536EC00000000F52C3630B7173951B717395100000000FA
:206E100000000000B7173951B7173951B7173951B717395100000000B7173951B717395152
:206E2000B7173951B7173951B7173951B7173951B71739510000000000000000B717395142
:206E3000B7173951B7173951B717395100000000B7173951B7173951B7173951B7173951DA
:206E4000B71739510002000000000000BC3C3DE400000000BC3C3DE400000000AAAB3E2AE9
:206E50000000000000000000BC3C3DE400000000BC3C3DE400000000AAAB3E2A0000000033
:0C6E600000000000E0020000F2CA7149CE
:206E680046230008462C000846340008463C000846440008464C000846840008468C00083B
:206E780046540008465C000846640008466C000846740008467C0008469C0008469C0008E2
:206E8800469C000846940008894F00008954000089590000895E00008963000089680000C3
:206E9800896D00008972000089770000897C00008981000089860000898B0000899000009E
:206EA800899500003CCD00083CD200083CD700083CDC00083CE100083CE600083CEB0008CC
:1C6EB8003CF000083CF500083CFA00083CFF00083D0400083D0900083D0E0008E6
:206EC800FFFEEA02000000000000FFFEEA04000000000000FFFEEA06000000000000FFFFEB
:206ED800EA0800000001FFFEEA0A000000000000FFFEEA0C000000000000FFFFE0000000E5
:206EE8000000FFFFE00100000000FFFCEA1200000000000000000000FFFDEA1600000000B8
:206EF80000000000FFFDEA190000000000000000FFFEEA2000004E1B0008FFFEEA220000FA
:206F08004E1B0008FFFFEA1F00000000FFFFEA2400000000FFFFEA1C0000000000000000E1
:206F18007622761F17E0CC1EFF005014961E1A2400011A200003761F17E61800FFFD1800FA
:206F2800FFFE761F17E0CC00F0FF1AA903009600761F17E61A0000021A000001761F17EC48
:206F3800CC00FFF0500A9600761AF6077700FF6900067622761F17E0CC1EFF005014961EF7
:1E6F48001820FFFC1824FFFE761AFF690006190156C3FFFF0006190156C3FFFF000653
:00000001FF
